CREATE DATABASE  IF NOT EXISTS `alpha` /*!40100 DEFAULT CHARACTER SET utf8mb4 COLLATE utf8mb4_0900_ai_ci */ /*!80016 DEFAULT ENCRYPTION='N' */;
USE `alpha`;
-- MySQL dump 10.13  Distrib 8.0.28, for Win64 (x86_64)
--
-- Host: localhost    Database: alpha
-- ------------------------------------------------------
-- Server version	8.0.28

/*!40101 SET @OLD_CHARACTER_SET_CLIENT=@@CHARACTER_SET_CLIENT */;
/*!40101 SET @OLD_CHARACTER_SET_RESULTS=@@CHARACTER_SET_RESULTS */;
/*!40101 SET @OLD_COLLATION_CONNECTION=@@COLLATION_CONNECTION */;
/*!50503 SET NAMES utf8 */;
/*!40103 SET @OLD_TIME_ZONE=@@TIME_ZONE */;
/*!40103 SET TIME_ZONE='+00:00' */;
/*!40014 SET @OLD_UNIQUE_CHECKS=@@UNIQUE_CHECKS, UNIQUE_CHECKS=0 */;
/*!40014 SET @OLD_FOREIGN_KEY_CHECKS=@@FOREIGN_KEY_CHECKS, FOREIGN_KEY_CHECKS=0 */;
/*!40101 SET @OLD_SQL_MODE=@@SQL_MODE, SQL_MODE='NO_AUTO_VALUE_ON_ZERO' */;
/*!40111 SET @OLD_SQL_NOTES=@@SQL_NOTES, SQL_NOTES=0 */;

--
-- Table structure for table `calls`
--

DROP TABLE IF EXISTS `calls`;
/*!40101 SET @saved_cs_client     = @@character_set_client */;
/*!50503 SET character_set_client = utf8mb4 */;
CREATE TABLE `calls` (
  `call_id` int NOT NULL,
  `call_duration` int NOT NULL,
  `caller_id` int NOT NULL,
  `callee_id` int NOT NULL,
  `timestamp` datetime NOT NULL,
  PRIMARY KEY (`call_id`),
  UNIQUE KEY `call_id_UNIQUE` (`call_id`),
  KEY `calls_idx_call_details` (`caller_id`,`callee_id`,`timestamp`)
) ENGINE=InnoDB DEFAULT CHARSET=utf8mb4 COLLATE=utf8mb4_0900_ai_ci;
/*!40101 SET character_set_client = @saved_cs_client */;

--
-- Dumping data for table `calls`
--

LOCK TABLES `calls` WRITE;
/*!40000 ALTER TABLE `calls` DISABLE KEYS */;
INSERT INTO `calls` VALUES (1,6,77,87,'2021-06-29 23:52:00'),(2,24,49,2,'2022-03-27 18:52:00'),(3,96,98,27,'2021-12-09 07:49:00'),(4,45,42,66,'2021-06-07 19:05:00'),(5,48,54,3,'2022-04-09 09:43:00'),(6,91,75,23,'2021-10-08 23:15:00'),(7,17,48,73,'2021-10-06 15:11:00'),(8,22,72,96,'2021-04-29 14:21:00'),(9,72,68,81,'2021-05-14 11:49:00'),(10,47,77,26,'2021-11-30 00:27:00'),(11,4,76,36,'2021-08-30 17:35:00'),(12,83,13,21,'2021-10-05 10:44:00'),(13,90,39,36,'2022-04-05 05:22:00'),(14,46,62,82,'2022-01-24 03:23:00'),(15,86,25,2,'2022-01-13 21:50:00'),(16,75,100,13,'2021-08-29 16:56:00'),(17,66,65,31,'2021-05-07 16:42:00'),(18,35,94,5,'2022-02-20 10:08:00'),(19,30,36,3,'2021-12-21 21:30:00'),(20,99,19,80,'2022-03-20 18:35:00'),(21,13,52,51,'2022-02-13 05:14:00'),(22,9,69,80,'2021-08-23 09:52:00'),(23,92,78,69,'2022-01-09 18:14:00'),(24,27,41,94,'2022-01-13 03:48:00'),(25,11,63,59,'2021-12-23 18:07:00'),(26,87,88,56,'2022-03-07 11:49:00'),(27,49,10,45,'2022-01-08 23:49:00'),(28,54,100,35,'2022-04-15 13:45:00'),(29,36,47,92,'2022-02-28 16:04:00'),(30,70,61,52,'2022-01-23 22:19:00'),(31,47,62,65,'2021-07-27 21:36:00'),(32,68,35,55,'2021-07-25 12:41:00'),(33,88,64,77,'2021-12-05 10:24:00'),(34,58,89,92,'2022-03-30 07:02:00'),(35,54,38,30,'2021-05-16 16:43:00'),(36,98,91,73,'2022-01-18 01:49:00'),(37,13,79,15,'2021-10-10 12:47:00'),(38,81,33,58,'2022-02-06 13:17:00'),(39,91,13,9,'2022-02-21 05:29:00'),(40,9,94,69,'2021-10-13 21:19:00'),(41,71,66,72,'2021-09-26 23:35:00'),(42,56,24,27,'2022-03-24 23:50:00'),(43,86,8,92,'2021-08-19 11:18:00'),(44,6,34,61,'2022-04-10 07:19:00'),(45,38,27,81,'2022-01-11 04:16:00'),(46,41,71,79,'2022-03-12 08:57:00'),(47,31,88,14,'2022-01-25 00:31:00'),(48,65,66,38,'2022-03-24 01:46:00'),(49,38,42,29,'2021-10-29 22:26:00'),(50,90,83,56,'2021-08-01 11:49:00'),(51,46,22,9,'2021-11-20 19:18:00'),(52,32,52,30,'2022-04-25 22:56:00'),(53,87,68,51,'2021-11-24 14:42:00'),(54,64,76,12,'2021-11-06 04:09:00'),(55,57,41,64,'2021-10-30 14:23:00'),(56,18,54,26,'2021-05-14 19:57:00'),(57,52,45,49,'2022-04-24 01:10:00'),(58,69,47,20,'2021-05-13 13:51:00'),(59,70,61,95,'2021-11-21 13:50:00'),(60,16,5,72,'2021-10-14 21:31:00'),(61,21,96,34,'2021-07-21 02:05:00'),(62,2,21,71,'2021-09-29 04:38:00'),(63,85,42,57,'2021-05-05 21:05:00'),(64,64,94,99,'2022-02-13 23:00:00'),(65,60,29,56,'2021-08-12 02:38:00'),(66,61,86,61,'2021-05-19 19:20:00'),(67,24,70,37,'2021-08-09 00:34:00'),(68,50,93,85,'2022-03-29 09:33:00'),(69,81,7,82,'2022-01-24 06:31:00'),(70,16,87,52,'2021-10-21 23:58:00'),(71,51,41,55,'2021-11-14 13:08:00'),(72,97,8,72,'2022-01-21 19:04:00'),(73,40,12,80,'2022-01-03 05:17:00'),(74,25,76,57,'2021-05-10 17:18:00'),(75,91,61,66,'2021-11-10 07:06:00'),(76,17,28,24,'2022-01-18 01:12:00'),(77,34,58,52,'2021-06-04 19:56:00'),(78,58,41,6,'2022-01-26 18:07:00'),(79,65,71,2,'2022-02-21 19:31:00'),(80,21,46,6,'2022-02-11 06:34:00'),(81,95,73,63,'2021-07-14 09:12:00'),(82,89,82,31,'2022-03-01 15:07:00'),(83,72,17,34,'2021-05-16 18:52:00'),(84,6,37,30,'2022-03-29 17:41:00'),(85,66,68,4,'2021-12-26 09:56:00'),(86,16,92,78,'2021-06-20 06:54:00'),(87,16,28,83,'2021-12-01 00:21:00'),(88,31,59,45,'2021-07-18 01:54:00'),(89,10,21,23,'2021-10-19 05:58:00'),(90,88,11,84,'2022-01-24 06:02:00'),(91,3,30,41,'2021-08-04 10:01:00'),(92,100,19,99,'2021-09-15 04:26:00'),(93,29,34,75,'2021-08-06 02:00:00'),(94,49,100,38,'2021-07-24 23:23:00'),(95,99,18,83,'2021-10-07 17:51:00'),(96,5,79,76,'2021-12-22 13:22:00'),(97,30,26,12,'2021-09-21 09:50:00'),(98,22,24,12,'2021-11-18 09:31:00'),(99,45,40,25,'2022-03-14 19:15:00'),(100,67,23,72,'2021-11-19 23:35:00');
/*!40000 ALTER TABLE `calls` ENABLE KEYS */;
UNLOCK TABLES;
/*!50003 SET @saved_cs_client      = @@character_set_client */ ;
/*!50003 SET @saved_cs_results     = @@character_set_results */ ;
/*!50003 SET @saved_col_connection = @@collation_connection */ ;
/*!50003 SET character_set_client  = utf8mb4 */ ;
/*!50003 SET character_set_results = utf8mb4 */ ;
/*!50003 SET collation_connection  = utf8mb4_0900_ai_ci */ ;
/*!50003 SET @saved_sql_mode       = @@sql_mode */ ;
/*!50003 SET sql_mode              = 'STRICT_TRANS_TABLES,NO_ENGINE_SUBSTITUTION' */ ;
DELIMITER ;;
/*!50003 CREATE*/ /*!50017 DEFINER=`root`@`localhost`*/ /*!50003 TRIGGER `calls_before_insert` BEFORE INSERT ON `calls` FOR EACH ROW BEGIN
SET new.timestamp = CURRENT_TIMESTAMP();
END */;;
DELIMITER ;
/*!50003 SET sql_mode              = @saved_sql_mode */ ;
/*!50003 SET character_set_client  = @saved_cs_client */ ;
/*!50003 SET character_set_results = @saved_cs_results */ ;
/*!50003 SET collation_connection  = @saved_col_connection */ ;

--
-- Table structure for table `contacts`
--

DROP TABLE IF EXISTS `contacts`;
/*!40101 SET @saved_cs_client     = @@character_set_client */;
/*!50503 SET character_set_client = utf8mb4 */;
CREATE TABLE `contacts` (
  `user_id` int NOT NULL,
  `contact_id` int NOT NULL,
  KEY `contacts_idx_user_id` (`user_id`)
) ENGINE=InnoDB DEFAULT CHARSET=utf8mb4 COLLATE=utf8mb4_0900_ai_ci;
/*!40101 SET character_set_client = @saved_cs_client */;

--
-- Dumping data for table `contacts`
--

LOCK TABLES `contacts` WRITE;
/*!40000 ALTER TABLE `contacts` DISABLE KEYS */;
INSERT INTO `contacts` VALUES (1,77),(2,97),(3,20),(4,75),(5,46),(6,28),(7,93),(8,57),(9,78),(10,48),(11,59),(12,81),(13,37),(14,37),(15,70),(16,5),(17,61),(18,40),(19,83),(20,76),(21,72),(22,44),(23,21),(24,49),(25,91),(26,5),(27,65),(28,59),(29,84),(30,30),(31,82),(32,4),(33,13),(34,30),(35,89),(36,61),(37,84),(38,38),(39,23),(40,69),(41,5),(42,14),(43,16),(44,43),(45,47),(46,31),(47,58),(48,35),(49,53),(50,85),(51,77),(52,97),(53,20),(54,75),(55,46),(56,28),(57,93),(58,57),(59,78),(60,48),(61,59),(62,81),(63,37),(64,37),(65,70),(66,5),(67,61),(68,40),(69,83),(70,76),(71,72),(72,44),(73,21),(74,49),(75,91),(76,5),(77,65),(78,59),(79,84),(80,30),(81,82),(82,4),(83,13),(84,30),(85,89),(86,61),(87,84),(88,38),(89,23),(90,69),(91,5),(92,14),(93,16),(94,43),(95,47),(96,31),(97,58),(98,35),(99,53),(100,85),(1,95);
/*!40000 ALTER TABLE `contacts` ENABLE KEYS */;
UNLOCK TABLES;

--
-- Table structure for table `direct_message`
--

DROP TABLE IF EXISTS `direct_message`;
/*!40101 SET @saved_cs_client     = @@character_set_client */;
/*!50503 SET character_set_client = utf8mb4 */;
CREATE TABLE `direct_message` (
  `msg_id` int NOT NULL,
  `msg_body` varchar(1000) DEFAULT NULL,
  `sender_id` int DEFAULT NULL,
  `receiver_id` int DEFAULT NULL,
  `timestamp` datetime DEFAULT NULL,
  `is_read` varchar(45) DEFAULT NULL,
  PRIMARY KEY (`msg_id`)
) ENGINE=InnoDB DEFAULT CHARSET=utf8mb4 COLLATE=utf8mb4_0900_ai_ci;
/*!40101 SET character_set_client = @saved_cs_client */;

--
-- Dumping data for table `direct_message`
--

LOCK TABLES `direct_message` WRITE;
/*!40000 ALTER TABLE `direct_message` DISABLE KEYS */;
INSERT INTO `direct_message` VALUES (1,'Lorem ipsum dolor sit amet, consectetuer adipiscing elit. Proin risus. Praesent lectus.',34,6,'2022-02-21 10:12:38','true'),(2,'Morbi non lectus. Aliquam sit amet diam in magna bibendum imperdiet. Nullam orci pede, venenatis non, sodales sed, tincidunt eu, felis.',81,79,'2022-02-16 20:08:06','true'),(3,'Integer tincidunt ante vel ipsum. Praesent blandit lacinia erat. Vestibulum sed magna at nunc commodo placerat.',45,97,'2022-04-06 06:06:36','true'),(4,'Praesent blandit. Nam nulla. Integer pede justo, lacinia eget, tincidunt eget, tempus vel, pede.',19,57,'2021-05-03 03:28:30','true'),(5,'Maecenas ut massa quis augue luctus tincidunt. Nulla mollis molestie lorem. Quisque ut erat.',42,27,'2021-05-30 23:18:10','true'),(6,'Pellentesque at nulla. Suspendisse potenti. Cras in purus eu magna vulputate luctus.',85,90,'2021-05-12 07:13:23','true'),(7,'Sed ante. Vivamus tortor. Duis mattis egestas metus.',55,50,'2022-04-10 05:08:52','true'),(8,'Pellentesque at nulla. Suspendisse potenti. Cras in purus eu magna vulputate luctus.',54,98,'2022-03-09 12:35:52','true'),(9,'Aenean lectus. Pellentesque eget nunc. Donec quis orci eget orci vehicula condimentum.',30,60,'2021-10-09 02:14:33','true'),(10,'Etiam vel augue. Vestibulum rutrum rutrum neque. Aenean auctor gravida sem.',74,45,'2021-09-20 11:47:18','true'),(11,'Praesent id massa id nisl venenatis lacinia. Aenean sit amet justo. Morbi ut odio.',77,18,'2022-04-22 06:58:22','true'),(12,'Integer tincidunt ante vel ipsum. Praesent blandit lacinia erat. Vestibulum sed magna at nunc commodo placerat.',61,48,'2021-09-07 22:09:16','true'),(13,'Curabitur in libero ut massa volutpat convallis. Morbi odio odio, elementum eu, interdum eu, tincidunt in, leo. Maecenas pulvinar lobortis est.',3,53,'2022-04-06 21:27:26','true'),(14,'Pellentesque at nulla. Suspendisse potenti. Cras in purus eu magna vulputate luctus.',26,29,'2021-08-20 14:21:12','true'),(15,'Mauris enim leo, rhoncus sed, vestibulum sit amet, cursus id, turpis. Integer aliquet, massa id lobortis convallis, tortor risus dapibus augue, vel accumsan tellus nisi eu orci. Mauris lacinia sapien quis libero.',66,5,'2021-08-31 05:19:40','true'),(16,'Sed ante. Vivamus tortor. Duis mattis egestas metus.',96,37,'2022-01-05 18:03:03','true'),(17,'Praesent blandit. Nam nulla. Integer pede justo, lacinia eget, tincidunt eget, tempus vel, pede.',67,36,'2021-08-04 22:49:01','true'),(18,'Sed ante. Vivamus tortor. Duis mattis egestas metus.',94,45,'2021-05-22 07:01:54','true'),(19,'Sed sagittis. Nam congue, risus semper porta volutpat, quam pede lobortis ligula, sit amet eleifend pede libero quis orci. Nullam molestie nibh in lectus.',10,5,'2021-07-03 18:34:14','true'),(20,'Nam ultrices, libero non mattis pulvinar, nulla pede ullamcorper augue, a suscipit nulla elit ac nulla. Sed vel enim sit amet nunc viverra dapibus. Nulla suscipit ligula in lacus.',81,37,'2021-05-22 13:20:59','true'),(21,'Nullam porttitor lacus at turpis. Donec posuere metus vitae ipsum. Aliquam non mauris.',68,10,'2021-05-19 13:13:44','true'),(22,'Mauris enim leo, rhoncus sed, vestibulum sit amet, cursus id, turpis. Integer aliquet, massa id lobortis convallis, tortor risus dapibus augue, vel accumsan tellus nisi eu orci. Mauris lacinia sapien quis libero.',41,87,'2021-06-03 08:51:45','true'),(23,'Maecenas tristique, est et tempus semper, est quam pharetra magna, ac consequat metus sapien ut nunc. Vestibulum ante ipsum primis in faucibus orci luctus et ultrices posuere cubilia Curae; Mauris viverra diam vitae quam. Suspendisse potenti.',70,24,'2022-01-17 03:59:03','true'),(24,'Vestibulum quam sapien, varius ut, blandit non, interdum in, ante. Vestibulum ante ipsum primis in faucibus orci luctus et ultrices posuere cubilia Curae; Duis faucibus accumsan odio. Curabitur convallis.',88,40,'2021-09-12 19:29:13','true'),(25,'Duis bibendum. Morbi non quam nec dui luctus rutrum. Nulla tellus.',51,73,'2021-05-12 13:30:38','true'),(26,'Mauris enim leo, rhoncus sed, vestibulum sit amet, cursus id, turpis. Integer aliquet, massa id lobortis convallis, tortor risus dapibus augue, vel accumsan tellus nisi eu orci. Mauris lacinia sapien quis libero.',5,26,'2021-06-20 16:28:05','true'),(27,'Integer ac leo. Pellentesque ultrices mattis odio. Donec vitae nisi.',1,15,'2022-01-06 19:08:23','true'),(28,'Phasellus in felis. Donec semper sapien a libero. Nam dui.',24,8,'2022-02-15 17:37:55','true'),(29,'Praesent blandit. Nam nulla. Integer pede justo, lacinia eget, tincidunt eget, tempus vel, pede.',91,31,'2022-04-09 04:57:25','true'),(30,'Duis aliquam convallis nunc. Proin at turpis a pede posuere nonummy. Integer non velit.',4,71,'2021-11-11 01:18:38','true'),(31,'Maecenas tristique, est et tempus semper, est quam pharetra magna, ac consequat metus sapien ut nunc. Vestibulum ante ipsum primis in faucibus orci luctus et ultrices posuere cubilia Curae; Mauris viverra diam vitae quam. Suspendisse potenti.',92,100,'2022-01-29 02:26:19','true'),(32,'Proin eu mi. Nulla ac enim. In tempor, turpis nec euismod scelerisque, quam turpis adipiscing lorem, vitae mattis nibh ligula nec sem.',98,84,'2021-08-09 03:04:29','true'),(33,'Quisque id justo sit amet sapien dignissim vestibulum. Vestibulum ante ipsum primis in faucibus orci luctus et ultrices posuere cubilia Curae; Nulla dapibus dolor vel est. Donec odio justo, sollicitudin ut, suscipit a, feugiat et, eros.',48,2,'2022-01-25 17:11:37','true'),(34,'Morbi porttitor lorem id ligula. Suspendisse ornare consequat lectus. In est risus, auctor sed, tristique in, tempus sit amet, sem.',63,77,'2021-09-12 08:19:38','true'),(35,'Curabitur in libero ut massa volutpat convallis. Morbi odio odio, elementum eu, interdum eu, tincidunt in, leo. Maecenas pulvinar lobortis est.',73,87,'2021-07-17 04:35:44','true'),(36,'Fusce posuere felis sed lacus. Morbi sem mauris, laoreet ut, rhoncus aliquet, pulvinar sed, nisl. Nunc rhoncus dui vel sem.',84,21,'2021-06-27 21:43:12','true'),(37,'Morbi porttitor lorem id ligula. Suspendisse ornare consequat lectus. In est risus, auctor sed, tristique in, tempus sit amet, sem.',19,41,'2022-02-03 02:19:31','true'),(38,'Etiam vel augue. Vestibulum rutrum rutrum neque. Aenean auctor gravida sem.',22,13,'2021-09-26 00:25:16','true'),(39,'Curabitur in libero ut massa volutpat convallis. Morbi odio odio, elementum eu, interdum eu, tincidunt in, leo. Maecenas pulvinar lobortis est.',80,39,'2022-02-08 09:55:41','true'),(40,'Vestibulum ac est lacinia nisi venenatis tristique. Fusce congue, diam id ornare imperdiet, sapien urna pretium nisl, ut volutpat sapien arcu sed augue. Aliquam erat volutpat.',79,13,'2021-07-03 04:33:45','true'),(41,'Aliquam quis turpis eget elit sodales scelerisque. Mauris sit amet eros. Suspendisse accumsan tortor quis turpis.',85,61,'2021-07-04 15:58:44','true'),(42,'Quisque porta volutpat erat. Quisque erat eros, viverra eget, congue eget, semper rutrum, nulla. Nunc purus.',63,50,'2022-02-11 18:21:41','true'),(43,'In congue. Etiam justo. Etiam pretium iaculis justo.',70,83,'2021-07-07 04:45:03','true'),(44,'Phasellus sit amet erat. Nulla tempus. Vivamus in felis eu sapien cursus vestibulum.',17,12,'2021-07-17 02:05:46','true'),(45,'Pellentesque at nulla. Suspendisse potenti. Cras in purus eu magna vulputate luctus.',12,69,'2021-06-01 05:07:36','true'),(46,'Duis aliquam convallis nunc. Proin at turpis a pede posuere nonummy. Integer non velit.',15,27,'2021-07-13 03:58:08','true'),(47,'Duis consequat dui nec nisi volutpat eleifend. Donec ut dolor. Morbi vel lectus in quam fringilla rhoncus.',64,57,'2021-07-16 05:31:00','true'),(48,'Donec diam neque, vestibulum eget, vulputate ut, ultrices vel, augue. Vestibulum ante ipsum primis in faucibus orci luctus et ultrices posuere cubilia Curae; Donec pharetra, magna vestibulum aliquet ultrices, erat tortor sollicitudin mi, sit amet lobortis sapien sapien non mi. Integer ac neque.',17,40,'2021-09-21 08:03:05','true'),(49,'Sed sagittis. Nam congue, risus semper porta volutpat, quam pede lobortis ligula, sit amet eleifend pede libero quis orci. Nullam molestie nibh in lectus.',21,44,'2022-01-12 08:55:10','true'),(50,'Aenean lectus. Pellentesque eget nunc. Donec quis orci eget orci vehicula condimentum.',39,11,'2021-05-31 00:10:17','true'),(51,'Suspendisse potenti. In eleifend quam a odio. In hac habitasse platea dictumst.',40,55,'2021-06-17 02:51:48','true'),(52,'Maecenas tristique, est et tempus semper, est quam pharetra magna, ac consequat metus sapien ut nunc. Vestibulum ante ipsum primis in faucibus orci luctus et ultrices posuere cubilia Curae; Mauris viverra diam vitae quam. Suspendisse potenti.',90,35,'2021-08-29 15:03:37','true'),(53,'Etiam vel augue. Vestibulum rutrum rutrum neque. Aenean auctor gravida sem.',76,56,'2022-01-25 18:16:40','true'),(54,'Nullam porttitor lacus at turpis. Donec posuere metus vitae ipsum. Aliquam non mauris.',7,76,'2021-12-17 04:18:17','true'),(55,'Vestibulum quam sapien, varius ut, blandit non, interdum in, ante. Vestibulum ante ipsum primis in faucibus orci luctus et ultrices posuere cubilia Curae; Duis faucibus accumsan odio. Curabitur convallis.',42,33,'2022-01-06 15:27:18','true'),(56,'Maecenas leo odio, condimentum id, luctus nec, molestie sed, justo. Pellentesque viverra pede ac diam. Cras pellentesque volutpat dui.',89,3,'2022-02-21 21:16:48','true'),(57,'Sed sagittis. Nam congue, risus semper porta volutpat, quam pede lobortis ligula, sit amet eleifend pede libero quis orci. Nullam molestie nibh in lectus.',36,26,'2022-01-19 16:28:37','true'),(58,'Proin leo odio, porttitor id, consequat in, consequat ut, nulla. Sed accumsan felis. Ut at dolor quis odio consequat varius.',46,65,'2021-08-08 00:22:52','true'),(59,'Praesent id massa id nisl venenatis lacinia. Aenean sit amet justo. Morbi ut odio.',89,53,'2021-05-25 19:08:12','true'),(60,'Mauris enim leo, rhoncus sed, vestibulum sit amet, cursus id, turpis. Integer aliquet, massa id lobortis convallis, tortor risus dapibus augue, vel accumsan tellus nisi eu orci. Mauris lacinia sapien quis libero.',26,91,'2021-07-11 17:30:53','true'),(61,'Duis aliquam convallis nunc. Proin at turpis a pede posuere nonummy. Integer non velit.',91,100,'2022-01-21 09:40:20','true'),(62,'Maecenas leo odio, condimentum id, luctus nec, molestie sed, justo. Pellentesque viverra pede ac diam. Cras pellentesque volutpat dui.',36,37,'2021-07-28 00:45:06','true'),(63,'In hac habitasse platea dictumst. Etiam faucibus cursus urna. Ut tellus.',11,50,'2021-07-25 20:15:15','true'),(64,'In quis justo. Maecenas rhoncus aliquam lacus. Morbi quis tortor id nulla ultrices aliquet.',70,62,'2021-10-23 10:14:00','true'),(65,'Nullam porttitor lacus at turpis. Donec posuere metus vitae ipsum. Aliquam non mauris.',64,61,'2022-01-08 14:43:43','true'),(66,'Proin interdum mauris non ligula pellentesque ultrices. Phasellus id sapien in sapien iaculis congue. Vivamus metus arcu, adipiscing molestie, hendrerit at, vulputate vitae, nisl.',85,75,'2022-04-16 01:59:25','true'),(67,'Praesent blandit. Nam nulla. Integer pede justo, lacinia eget, tincidunt eget, tempus vel, pede.',94,2,'2021-07-25 20:45:25','true'),(68,'Nam ultrices, libero non mattis pulvinar, nulla pede ullamcorper augue, a suscipit nulla elit ac nulla. Sed vel enim sit amet nunc viverra dapibus. Nulla suscipit ligula in lacus.',53,79,'2021-09-07 04:50:45','true'),(69,'Pellentesque at nulla. Suspendisse potenti. Cras in purus eu magna vulputate luctus.',80,46,'2021-06-08 09:30:02','true'),(70,'Morbi non lectus. Aliquam sit amet diam in magna bibendum imperdiet. Nullam orci pede, venenatis non, sodales sed, tincidunt eu, felis.',16,98,'2021-06-14 03:07:42','true'),(71,'Morbi porttitor lorem id ligula. Suspendisse ornare consequat lectus. In est risus, auctor sed, tristique in, tempus sit amet, sem.',96,94,'2022-03-25 17:11:17','true'),(72,'Duis bibendum, felis sed interdum venenatis, turpis enim blandit mi, in porttitor pede justo eu massa. Donec dapibus. Duis at velit eu est congue elementum.',30,44,'2021-07-21 00:45:44','true'),(73,'Praesent id massa id nisl venenatis lacinia. Aenean sit amet justo. Morbi ut odio.',46,86,'2021-11-15 00:40:57','true'),(74,'Cras mi pede, malesuada in, imperdiet et, commodo vulputate, justo. In blandit ultrices enim. Lorem ipsum dolor sit amet, consectetuer adipiscing elit.',86,72,'2022-01-09 23:04:19','true'),(75,'Cum sociis natoque penatibus et magnis dis parturient montes, nascetur ridiculus mus. Vivamus vestibulum sagittis sapien. Cum sociis natoque penatibus et magnis dis parturient montes, nascetur ridiculus mus.',46,21,'2021-06-11 09:52:08','true'),(76,'Curabitur gravida nisi at nibh. In hac habitasse platea dictumst. Aliquam augue quam, sollicitudin vitae, consectetuer eget, rutrum at, lorem.',67,11,'2021-06-01 21:32:16','true'),(77,'Aliquam quis turpis eget elit sodales scelerisque. Mauris sit amet eros. Suspendisse accumsan tortor quis turpis.',28,63,'2021-10-24 19:46:00','true'),(78,'Proin eu mi. Nulla ac enim. In tempor, turpis nec euismod scelerisque, quam turpis adipiscing lorem, vitae mattis nibh ligula nec sem.',45,43,'2021-09-04 05:18:57','true'),(79,'In sagittis dui vel nisl. Duis ac nibh. Fusce lacus purus, aliquet at, feugiat non, pretium quis, lectus.',50,34,'2022-02-14 21:54:12','true'),(80,'Donec diam neque, vestibulum eget, vulputate ut, ultrices vel, augue. Vestibulum ante ipsum primis in faucibus orci luctus et ultrices posuere cubilia Curae; Donec pharetra, magna vestibulum aliquet ultrices, erat tortor sollicitudin mi, sit amet lobortis sapien sapien non mi. Integer ac neque.',7,57,'2022-03-14 21:52:46','true'),(81,'Phasellus in felis. Donec semper sapien a libero. Nam dui.',68,64,'2022-04-25 01:06:11','true'),(82,'Proin interdum mauris non ligula pellentesque ultrices. Phasellus id sapien in sapien iaculis congue. Vivamus metus arcu, adipiscing molestie, hendrerit at, vulputate vitae, nisl.',22,58,'2021-12-22 06:40:01','true'),(83,'Proin interdum mauris non ligula pellentesque ultrices. Phasellus id sapien in sapien iaculis congue. Vivamus metus arcu, adipiscing molestie, hendrerit at, vulputate vitae, nisl.',6,45,'2021-06-29 03:43:50','true'),(84,'Maecenas leo odio, condimentum id, luctus nec, molestie sed, justo. Pellentesque viverra pede ac diam. Cras pellentesque volutpat dui.',4,90,'2021-07-31 00:07:48','true'),(85,'Cum sociis natoque penatibus et magnis dis parturient montes, nascetur ridiculus mus. Vivamus vestibulum sagittis sapien. Cum sociis natoque penatibus et magnis dis parturient montes, nascetur ridiculus mus.',15,41,'2022-01-31 13:23:12','true'),(86,'Quisque porta volutpat erat. Quisque erat eros, viverra eget, congue eget, semper rutrum, nulla. Nunc purus.',67,61,'2021-05-01 00:34:04','true'),(87,'Fusce posuere felis sed lacus. Morbi sem mauris, laoreet ut, rhoncus aliquet, pulvinar sed, nisl. Nunc rhoncus dui vel sem.',76,95,'2022-04-05 11:28:04','true'),(88,'Integer tincidunt ante vel ipsum. Praesent blandit lacinia erat. Vestibulum sed magna at nunc commodo placerat.',96,46,'2022-02-14 00:17:54','true'),(89,'Cras mi pede, malesuada in, imperdiet et, commodo vulputate, justo. In blandit ultrices enim. Lorem ipsum dolor sit amet, consectetuer adipiscing elit.',54,66,'2021-07-07 05:42:18','true'),(90,'Maecenas leo odio, condimentum id, luctus nec, molestie sed, justo. Pellentesque viverra pede ac diam. Cras pellentesque volutpat dui.',20,67,'2022-04-14 03:21:35','true'),(91,'Duis aliquam convallis nunc. Proin at turpis a pede posuere nonummy. Integer non velit.',15,95,'2021-09-15 12:00:34','true'),(92,'Nullam sit amet turpis elementum ligula vehicula consequat. Morbi a ipsum. Integer a nibh.',61,27,'2022-03-09 14:31:21','true'),(93,'Fusce posuere felis sed lacus. Morbi sem mauris, laoreet ut, rhoncus aliquet, pulvinar sed, nisl. Nunc rhoncus dui vel sem.',34,64,'2022-04-14 23:05:00','true'),(94,'Aliquam quis turpis eget elit sodales scelerisque. Mauris sit amet eros. Suspendisse accumsan tortor quis turpis.',77,63,'2022-03-26 07:14:48','true'),(95,'Nam ultrices, libero non mattis pulvinar, nulla pede ullamcorper augue, a suscipit nulla elit ac nulla. Sed vel enim sit amet nunc viverra dapibus. Nulla suscipit ligula in lacus.',82,19,'2021-08-29 12:38:21','true'),(96,'Curabitur gravida nisi at nibh. In hac habitasse platea dictumst. Aliquam augue quam, sollicitudin vitae, consectetuer eget, rutrum at, lorem.',51,5,'2021-12-07 23:29:52','true'),(97,'Phasellus sit amet erat. Nulla tempus. Vivamus in felis eu sapien cursus vestibulum.',18,88,'2021-07-21 19:53:10','true'),(98,'Nullam sit amet turpis elementum ligula vehicula consequat. Morbi a ipsum. Integer a nibh.',40,50,'2022-03-03 12:06:06','true'),(99,'Phasellus sit amet erat. Nulla tempus. Vivamus in felis eu sapien cursus vestibulum.',80,86,'2022-04-04 20:24:36','true'),(100,'Morbi porttitor lorem id ligula. Suspendisse ornare consequat lectus. In est risus, auctor sed, tristique in, tempus sit amet, sem.',98,31,'2022-03-01 06:34:32','true');
/*!40000 ALTER TABLE `direct_message` ENABLE KEYS */;
UNLOCK TABLES;
/*!50003 SET @saved_cs_client      = @@character_set_client */ ;
/*!50003 SET @saved_cs_results     = @@character_set_results */ ;
/*!50003 SET @saved_col_connection = @@collation_connection */ ;
/*!50003 SET character_set_client  = utf8mb4 */ ;
/*!50003 SET character_set_results = utf8mb4 */ ;
/*!50003 SET collation_connection  = utf8mb4_0900_ai_ci */ ;
/*!50003 SET @saved_sql_mode       = @@sql_mode */ ;
/*!50003 SET sql_mode              = 'STRICT_TRANS_TABLES,NO_ENGINE_SUBSTITUTION' */ ;
DELIMITER ;;
/*!50003 CREATE*/ /*!50017 DEFINER=`root`@`localhost`*/ /*!50003 TRIGGER `direct_message_BEFORE_INSERT` BEFORE INSERT ON `direct_message` FOR EACH ROW BEGIN
set new.timestamp = current_timestamp();
END */;;
DELIMITER ;
/*!50003 SET sql_mode              = @saved_sql_mode */ ;
/*!50003 SET character_set_client  = @saved_cs_client */ ;
/*!50003 SET character_set_results = @saved_cs_results */ ;
/*!50003 SET collation_connection  = @saved_col_connection */ ;

--
-- Table structure for table `group_message`
--

DROP TABLE IF EXISTS `group_message`;
/*!40101 SET @saved_cs_client     = @@character_set_client */;
/*!50503 SET character_set_client = utf8mb4 */;
CREATE TABLE `group_message` (
  `msg_id` int NOT NULL,
  `msg_body` varchar(1000) DEFAULT NULL,
  `sender_id` int DEFAULT NULL,
  `group_id` int DEFAULT NULL,
  `timestamp` datetime DEFAULT NULL,
  PRIMARY KEY (`msg_id`)
) ENGINE=InnoDB DEFAULT CHARSET=utf8mb4 COLLATE=utf8mb4_0900_ai_ci;
/*!40101 SET character_set_client = @saved_cs_client */;

--
-- Dumping data for table `group_message`
--

LOCK TABLES `group_message` WRITE;
/*!40000 ALTER TABLE `group_message` DISABLE KEYS */;
INSERT INTO `group_message` VALUES (1,'Nullam porttitor lacus at turpis. Donec posuere metus vitae ipsum. Aliquam non mauris.',64,4,'2022-02-10 22:22:11'),(2,'Proin eu mi. Nulla ac enim. In tempor, turpis nec euismod scelerisque, quam turpis adipiscing lorem, vitae mattis nibh ligula nec sem.',91,6,'2022-01-31 06:42:37'),(3,'Donec diam neque, vestibulum eget, vulputate ut, ultrices vel, augue. Vestibulum ante ipsum primis in faucibus orci luctus et ultrices posuere cubilia Curae; Donec pharetra, magna vestibulum aliquet ultrices, erat tortor sollicitudin mi, sit amet lobortis sapien sapien non mi. Integer ac neque.',86,9,'2021-10-11 01:19:37'),(4,'Mauris enim leo, rhoncus sed, vestibulum sit amet, cursus id, turpis. Integer aliquet, massa id lobortis convallis, tortor risus dapibus augue, vel accumsan tellus nisi eu orci. Mauris lacinia sapien quis libero.',32,5,'2022-01-17 02:37:55'),(5,'Proin leo odio, porttitor id, consequat in, consequat ut, nulla. Sed accumsan felis. Ut at dolor quis odio consequat varius.',66,10,'2022-02-25 07:30:23'),(6,'Aenean fermentum. Donec ut mauris eget massa tempor convallis. Nulla neque libero, convallis eget, eleifend luctus, ultricies eu, nibh.',42,5,'2021-07-11 18:38:41'),(7,'Cras mi pede, malesuada in, imperdiet et, commodo vulputate, justo. In blandit ultrices enim. Lorem ipsum dolor sit amet, consectetuer adipiscing elit.',92,10,'2022-02-22 07:28:06'),(8,'Nullam porttitor lacus at turpis. Donec posuere metus vitae ipsum. Aliquam non mauris.',64,10,'2022-03-03 19:36:50'),(9,'In quis justo. Maecenas rhoncus aliquam lacus. Morbi quis tortor id nulla ultrices aliquet.',10,7,'2021-11-09 10:42:53'),(10,'Phasellus in felis. Donec semper sapien a libero. Nam dui.',6,6,'2021-08-07 22:02:25'),(11,'Nullam porttitor lacus at turpis. Donec posuere metus vitae ipsum. Aliquam non mauris.',66,6,'2022-03-25 15:27:07'),(12,'Integer tincidunt ante vel ipsum. Praesent blandit lacinia erat. Vestibulum sed magna at nunc commodo placerat.',83,1,'2021-06-04 13:05:37'),(13,'Nam ultrices, libero non mattis pulvinar, nulla pede ullamcorper augue, a suscipit nulla elit ac nulla. Sed vel enim sit amet nunc viverra dapibus. Nulla suscipit ligula in lacus.',7,3,'2021-05-06 16:41:14'),(14,'Aliquam quis turpis eget elit sodales scelerisque. Mauris sit amet eros. Suspendisse accumsan tortor quis turpis.',83,9,'2021-09-26 11:49:28'),(15,'Quisque porta volutpat erat. Quisque erat eros, viverra eget, congue eget, semper rutrum, nulla. Nunc purus.',33,2,'2022-01-12 18:58:56'),(16,'Nullam sit amet turpis elementum ligula vehicula consequat. Morbi a ipsum. Integer a nibh.',49,2,'2021-07-24 19:53:31'),(17,'In quis justo. Maecenas rhoncus aliquam lacus. Morbi quis tortor id nulla ultrices aliquet.',38,7,'2021-07-11 02:01:59'),(18,'Praesent id massa id nisl venenatis lacinia. Aenean sit amet justo. Morbi ut odio.',81,10,'2021-05-28 04:12:24'),(19,'Cras mi pede, malesuada in, imperdiet et, commodo vulputate, justo. In blandit ultrices enim. Lorem ipsum dolor sit amet, consectetuer adipiscing elit.',15,6,'2021-10-09 15:09:49'),(20,'Sed sagittis. Nam congue, risus semper porta volutpat, quam pede lobortis ligula, sit amet eleifend pede libero quis orci. Nullam molestie nibh in lectus.',84,5,'2022-04-15 06:33:07'),(21,'Pellentesque at nulla. Suspendisse potenti. Cras in purus eu magna vulputate luctus.',3,5,'2021-05-10 14:38:42'),(22,'Vestibulum ac est lacinia nisi venenatis tristique. Fusce congue, diam id ornare imperdiet, sapien urna pretium nisl, ut volutpat sapien arcu sed augue. Aliquam erat volutpat.',79,5,'2021-06-26 23:01:42'),(23,'Proin eu mi. Nulla ac enim. In tempor, turpis nec euismod scelerisque, quam turpis adipiscing lorem, vitae mattis nibh ligula nec sem.',56,1,'2021-09-05 13:07:05'),(24,'Maecenas tristique, est et tempus semper, est quam pharetra magna, ac consequat metus sapien ut nunc. Vestibulum ante ipsum primis in faucibus orci luctus et ultrices posuere cubilia Curae; Mauris viverra diam vitae quam. Suspendisse potenti.',75,6,'2021-08-08 18:22:58'),(25,'Fusce posuere felis sed lacus. Morbi sem mauris, laoreet ut, rhoncus aliquet, pulvinar sed, nisl. Nunc rhoncus dui vel sem.',74,3,'2022-04-06 11:29:51'),(26,'Aenean fermentum. Donec ut mauris eget massa tempor convallis. Nulla neque libero, convallis eget, eleifend luctus, ultricies eu, nibh.',85,10,'2021-10-01 13:02:04'),(27,'Morbi porttitor lorem id ligula. Suspendisse ornare consequat lectus. In est risus, auctor sed, tristique in, tempus sit amet, sem.',37,5,'2021-06-07 21:28:12'),(28,'Integer ac leo. Pellentesque ultrices mattis odio. Donec vitae nisi.',74,7,'2021-11-09 21:35:53'),(29,'Phasellus sit amet erat. Nulla tempus. Vivamus in felis eu sapien cursus vestibulum.',94,7,'2021-08-12 21:49:34'),(30,'Etiam vel augue. Vestibulum rutrum rutrum neque. Aenean auctor gravida sem.',76,6,'2021-12-28 12:03:35'),(31,'Phasellus sit amet erat. Nulla tempus. Vivamus in felis eu sapien cursus vestibulum.',2,7,'2021-06-21 08:18:12'),(32,'Suspendisse potenti. In eleifend quam a odio. In hac habitasse platea dictumst.',84,2,'2021-08-04 23:34:54'),(33,'Mauris enim leo, rhoncus sed, vestibulum sit amet, cursus id, turpis. Integer aliquet, massa id lobortis convallis, tortor risus dapibus augue, vel accumsan tellus nisi eu orci. Mauris lacinia sapien quis libero.',27,8,'2022-03-20 05:27:04'),(34,'Phasellus in felis. Donec semper sapien a libero. Nam dui.',81,3,'2021-05-31 19:00:22'),(35,'Maecenas leo odio, condimentum id, luctus nec, molestie sed, justo. Pellentesque viverra pede ac diam. Cras pellentesque volutpat dui.',79,9,'2022-01-01 17:19:54'),(36,'In hac habitasse platea dictumst. Etiam faucibus cursus urna. Ut tellus.',82,1,'2022-03-11 04:12:12'),(37,'Pellentesque at nulla. Suspendisse potenti. Cras in purus eu magna vulputate luctus.',85,1,'2021-12-30 16:26:41'),(38,'Maecenas leo odio, condimentum id, luctus nec, molestie sed, justo. Pellentesque viverra pede ac diam. Cras pellentesque volutpat dui.',61,10,'2021-05-20 20:34:59'),(39,'Vestibulum quam sapien, varius ut, blandit non, interdum in, ante. Vestibulum ante ipsum primis in faucibus orci luctus et ultrices posuere cubilia Curae; Duis faucibus accumsan odio. Curabitur convallis.',85,4,'2021-08-29 13:34:06'),(40,'Cras mi pede, malesuada in, imperdiet et, commodo vulputate, justo. In blandit ultrices enim. Lorem ipsum dolor sit amet, consectetuer adipiscing elit.',67,1,'2022-02-07 21:23:18'),(41,'Maecenas leo odio, condimentum id, luctus nec, molestie sed, justo. Pellentesque viverra pede ac diam. Cras pellentesque volutpat dui.',37,4,'2022-04-21 00:44:30'),(42,'Proin interdum mauris non ligula pellentesque ultrices. Phasellus id sapien in sapien iaculis congue. Vivamus metus arcu, adipiscing molestie, hendrerit at, vulputate vitae, nisl.',79,2,'2022-01-09 12:45:54'),(43,'Suspendisse potenti. In eleifend quam a odio. In hac habitasse platea dictumst.',52,5,'2021-05-01 13:36:16'),(44,'Cras non velit nec nisi vulputate nonummy. Maecenas tincidunt lacus at velit. Vivamus vel nulla eget eros elementum pellentesque.',27,9,'2022-04-23 07:50:42'),(45,'Fusce consequat. Nulla nisl. Nunc nisl.',81,10,'2022-01-04 05:59:22'),(46,'Maecenas ut massa quis augue luctus tincidunt. Nulla mollis molestie lorem. Quisque ut erat.',89,10,'2021-06-14 21:17:39'),(47,'Duis aliquam convallis nunc. Proin at turpis a pede posuere nonummy. Integer non velit.',24,7,'2021-07-15 16:21:10'),(48,'Quisque id justo sit amet sapien dignissim vestibulum. Vestibulum ante ipsum primis in faucibus orci luctus et ultrices posuere cubilia Curae; Nulla dapibus dolor vel est. Donec odio justo, sollicitudin ut, suscipit a, feugiat et, eros.',19,2,'2022-01-01 13:51:53'),(49,'Morbi porttitor lorem id ligula. Suspendisse ornare consequat lectus. In est risus, auctor sed, tristique in, tempus sit amet, sem.',93,3,'2021-07-27 00:21:37'),(50,'Quisque id justo sit amet sapien dignissim vestibulum. Vestibulum ante ipsum primis in faucibus orci luctus et ultrices posuere cubilia Curae; Nulla dapibus dolor vel est. Donec odio justo, sollicitudin ut, suscipit a, feugiat et, eros.',44,1,'2022-03-12 13:10:51'),(51,'Mauris enim leo, rhoncus sed, vestibulum sit amet, cursus id, turpis. Integer aliquet, massa id lobortis convallis, tortor risus dapibus augue, vel accumsan tellus nisi eu orci. Mauris lacinia sapien quis libero.',61,7,'2022-03-25 18:42:54'),(52,'Curabitur gravida nisi at nibh. In hac habitasse platea dictumst. Aliquam augue quam, sollicitudin vitae, consectetuer eget, rutrum at, lorem.',59,9,'2022-02-15 02:42:29'),(53,'Vestibulum quam sapien, varius ut, blandit non, interdum in, ante. Vestibulum ante ipsum primis in faucibus orci luctus et ultrices posuere cubilia Curae; Duis faucibus accumsan odio. Curabitur convallis.',61,1,'2021-10-30 21:55:27'),(54,'Donec diam neque, vestibulum eget, vulputate ut, ultrices vel, augue. Vestibulum ante ipsum primis in faucibus orci luctus et ultrices posuere cubilia Curae; Donec pharetra, magna vestibulum aliquet ultrices, erat tortor sollicitudin mi, sit amet lobortis sapien sapien non mi. Integer ac neque.',75,7,'2022-03-08 09:10:29'),(55,'Suspendisse potenti. In eleifend quam a odio. In hac habitasse platea dictumst.',71,9,'2022-03-05 05:04:10'),(56,'Phasellus sit amet erat. Nulla tempus. Vivamus in felis eu sapien cursus vestibulum.',79,6,'2021-08-14 18:38:01'),(57,'Proin eu mi. Nulla ac enim. In tempor, turpis nec euismod scelerisque, quam turpis adipiscing lorem, vitae mattis nibh ligula nec sem.',19,7,'2022-04-16 15:55:02'),(58,'Morbi porttitor lorem id ligula. Suspendisse ornare consequat lectus. In est risus, auctor sed, tristique in, tempus sit amet, sem.',92,9,'2021-07-31 14:28:30'),(59,'Quisque porta volutpat erat. Quisque erat eros, viverra eget, congue eget, semper rutrum, nulla. Nunc purus.',3,7,'2022-04-19 19:56:48'),(60,'Curabitur in libero ut massa volutpat convallis. Morbi odio odio, elementum eu, interdum eu, tincidunt in, leo. Maecenas pulvinar lobortis est.',25,1,'2021-12-13 06:31:18'),(61,'Pellentesque at nulla. Suspendisse potenti. Cras in purus eu magna vulputate luctus.',35,8,'2022-01-14 11:38:15'),(62,'Praesent id massa id nisl venenatis lacinia. Aenean sit amet justo. Morbi ut odio.',21,3,'2021-12-22 11:54:39'),(63,'Fusce posuere felis sed lacus. Morbi sem mauris, laoreet ut, rhoncus aliquet, pulvinar sed, nisl. Nunc rhoncus dui vel sem.',82,4,'2022-03-07 07:15:17'),(64,'Nulla ut erat id mauris vulputate elementum. Nullam varius. Nulla facilisi.',68,8,'2021-12-12 15:44:25'),(65,'Fusce consequat. Nulla nisl. Nunc nisl.',81,10,'2022-02-15 19:47:36'),(66,'In congue. Etiam justo. Etiam pretium iaculis justo.',70,8,'2022-01-23 21:20:48'),(67,'Curabitur at ipsum ac tellus semper interdum. Mauris ullamcorper purus sit amet nulla. Quisque arcu libero, rutrum ac, lobortis vel, dapibus at, diam.',3,9,'2021-12-27 09:48:39'),(68,'Aenean fermentum. Donec ut mauris eget massa tempor convallis. Nulla neque libero, convallis eget, eleifend luctus, ultricies eu, nibh.',34,5,'2022-03-19 04:23:54'),(69,'Aenean lectus. Pellentesque eget nunc. Donec quis orci eget orci vehicula condimentum.',76,5,'2022-02-28 05:25:21'),(70,'Aenean lectus. Pellentesque eget nunc. Donec quis orci eget orci vehicula condimentum.',78,7,'2021-12-09 14:26:08'),(71,'Cras non velit nec nisi vulputate nonummy. Maecenas tincidunt lacus at velit. Vivamus vel nulla eget eros elementum pellentesque.',71,1,'2021-10-17 10:02:32'),(72,'Nam ultrices, libero non mattis pulvinar, nulla pede ullamcorper augue, a suscipit nulla elit ac nulla. Sed vel enim sit amet nunc viverra dapibus. Nulla suscipit ligula in lacus.',32,9,'2021-07-20 03:22:19'),(73,'Integer tincidunt ante vel ipsum. Praesent blandit lacinia erat. Vestibulum sed magna at nunc commodo placerat.',35,4,'2022-04-10 22:28:05'),(74,'Nulla ut erat id mauris vulputate elementum. Nullam varius. Nulla facilisi.',4,3,'2021-06-25 02:03:48'),(75,'Etiam vel augue. Vestibulum rutrum rutrum neque. Aenean auctor gravida sem.',19,6,'2021-05-16 15:03:24'),(76,'Quisque porta volutpat erat. Quisque erat eros, viverra eget, congue eget, semper rutrum, nulla. Nunc purus.',27,8,'2021-11-11 13:01:32'),(77,'Etiam vel augue. Vestibulum rutrum rutrum neque. Aenean auctor gravida sem.',97,4,'2021-11-28 18:48:24'),(78,'Maecenas tristique, est et tempus semper, est quam pharetra magna, ac consequat metus sapien ut nunc. Vestibulum ante ipsum primis in faucibus orci luctus et ultrices posuere cubilia Curae; Mauris viverra diam vitae quam. Suspendisse potenti.',53,9,'2021-08-12 09:51:47'),(79,'Duis bibendum, felis sed interdum venenatis, turpis enim blandit mi, in porttitor pede justo eu massa. Donec dapibus. Duis at velit eu est congue elementum.',24,1,'2021-08-06 20:43:19'),(80,'In hac habitasse platea dictumst. Etiam faucibus cursus urna. Ut tellus.',29,2,'2021-10-14 12:38:33'),(81,'Proin leo odio, porttitor id, consequat in, consequat ut, nulla. Sed accumsan felis. Ut at dolor quis odio consequat varius.',13,6,'2021-08-04 20:30:19'),(82,'Nullam sit amet turpis elementum ligula vehicula consequat. Morbi a ipsum. Integer a nibh.',95,2,'2021-09-15 02:40:15'),(83,'Cras non velit nec nisi vulputate nonummy. Maecenas tincidunt lacus at velit. Vivamus vel nulla eget eros elementum pellentesque.',95,1,'2021-06-10 00:49:05'),(84,'Duis bibendum, felis sed interdum venenatis, turpis enim blandit mi, in porttitor pede justo eu massa. Donec dapibus. Duis at velit eu est congue elementum.',37,7,'2022-03-13 13:57:12'),(85,'Vestibulum ac est lacinia nisi venenatis tristique. Fusce congue, diam id ornare imperdiet, sapien urna pretium nisl, ut volutpat sapien arcu sed augue. Aliquam erat volutpat.',96,4,'2021-08-25 21:42:09'),(86,'Duis bibendum. Morbi non quam nec dui luctus rutrum. Nulla tellus.',89,4,'2021-10-31 00:18:21'),(87,'Mauris enim leo, rhoncus sed, vestibulum sit amet, cursus id, turpis. Integer aliquet, massa id lobortis convallis, tortor risus dapibus augue, vel accumsan tellus nisi eu orci. Mauris lacinia sapien quis libero.',38,10,'2021-05-20 22:45:14'),(88,'In sagittis dui vel nisl. Duis ac nibh. Fusce lacus purus, aliquet at, feugiat non, pretium quis, lectus.',93,6,'2021-06-21 17:02:17'),(89,'Phasellus sit amet erat. Nulla tempus. Vivamus in felis eu sapien cursus vestibulum.',61,7,'2021-06-18 05:11:49'),(90,'Maecenas ut massa quis augue luctus tincidunt. Nulla mollis molestie lorem. Quisque ut erat.',17,7,'2021-12-20 22:41:41'),(91,'In hac habitasse platea dictumst. Etiam faucibus cursus urna. Ut tellus.',84,10,'2021-07-31 13:15:46'),(92,'Praesent id massa id nisl venenatis lacinia. Aenean sit amet justo. Morbi ut odio.',55,3,'2021-08-10 09:28:37'),(93,'Fusce posuere felis sed lacus. Morbi sem mauris, laoreet ut, rhoncus aliquet, pulvinar sed, nisl. Nunc rhoncus dui vel sem.',23,1,'2022-01-08 18:54:07'),(94,'Sed ante. Vivamus tortor. Duis mattis egestas metus.',91,10,'2021-06-12 20:46:46'),(95,'Maecenas ut massa quis augue luctus tincidunt. Nulla mollis molestie lorem. Quisque ut erat.',37,6,'2022-01-08 21:40:08'),(96,'In sagittis dui vel nisl. Duis ac nibh. Fusce lacus purus, aliquet at, feugiat non, pretium quis, lectus.',49,6,'2021-04-30 22:08:42'),(97,'Phasellus in felis. Donec semper sapien a libero. Nam dui.',14,9,'2021-09-16 19:07:31'),(98,'Sed sagittis. Nam congue, risus semper porta volutpat, quam pede lobortis ligula, sit amet eleifend pede libero quis orci. Nullam molestie nibh in lectus.',71,10,'2021-11-19 01:18:47'),(99,'Morbi non lectus. Aliquam sit amet diam in magna bibendum imperdiet. Nullam orci pede, venenatis non, sodales sed, tincidunt eu, felis.',21,6,'2021-06-25 10:33:07'),(100,'Maecenas leo odio, condimentum id, luctus nec, molestie sed, justo. Pellentesque viverra pede ac diam. Cras pellentesque volutpat dui.',17,2,'2021-10-28 08:08:19'),(101,'Duis bibendum. Morbi non quam nec dui luctus rutrum. Nulla tellus.',75,2,'2021-06-01 22:24:14'),(102,'Duis bibendum. Morbi non quam nec dui luctus rutrum. Nulla tellus.',5,3,'2022-01-04 01:59:00'),(103,'Curabitur in libero ut massa volutpat convallis. Morbi odio odio, elementum eu, interdum eu, tincidunt in, leo. Maecenas pulvinar lobortis est.',27,4,'2021-10-10 01:33:13'),(104,'Praesent blandit. Nam nulla. Integer pede justo, lacinia eget, tincidunt eget, tempus vel, pede.',86,5,'2021-05-18 23:24:12'),(105,'Cras non velit nec nisi vulputate nonummy. Maecenas tincidunt lacus at velit. Vivamus vel nulla eget eros elementum pellentesque.',48,5,'2021-07-08 16:54:49'),(106,'Etiam vel augue. Vestibulum rutrum rutrum neque. Aenean auctor gravida sem.',28,10,'2021-11-15 22:04:38'),(107,'Maecenas ut massa quis augue luctus tincidunt. Nulla mollis molestie lorem. Quisque ut erat.',57,7,'2021-09-26 17:22:58'),(108,'Cum sociis natoque penatibus et magnis dis parturient montes, nascetur ridiculus mus. Vivamus vestibulum sagittis sapien. Cum sociis natoque penatibus et magnis dis parturient montes, nascetur ridiculus mus.',56,3,'2021-07-04 12:08:27'),(109,'Curabitur in libero ut massa volutpat convallis. Morbi odio odio, elementum eu, interdum eu, tincidunt in, leo. Maecenas pulvinar lobortis est.',67,9,'2021-08-29 06:59:29'),(110,'Fusce consequat. Nulla nisl. Nunc nisl.',40,6,'2021-08-02 08:54:59'),(111,'Curabitur gravida nisi at nibh. In hac habitasse platea dictumst. Aliquam augue quam, sollicitudin vitae, consectetuer eget, rutrum at, lorem.',56,6,'2021-10-04 09:21:40'),(112,'Phasellus in felis. Donec semper sapien a libero. Nam dui.',68,2,'2021-05-01 19:22:24'),(113,'Morbi non lectus. Aliquam sit amet diam in magna bibendum imperdiet. Nullam orci pede, venenatis non, sodales sed, tincidunt eu, felis.',66,3,'2021-11-13 02:57:08'),(114,'Lorem ipsum dolor sit amet, consectetuer adipiscing elit. Proin risus. Praesent lectus.',24,10,'2022-03-12 08:23:37'),(115,'Duis bibendum. Morbi non quam nec dui luctus rutrum. Nulla tellus.',75,6,'2022-01-11 07:40:53'),(116,'Fusce posuere felis sed lacus. Morbi sem mauris, laoreet ut, rhoncus aliquet, pulvinar sed, nisl. Nunc rhoncus dui vel sem.',62,7,'2022-04-21 17:12:01'),(117,'Sed ante. Vivamus tortor. Duis mattis egestas metus.',29,5,'2022-04-24 18:12:51'),(118,'Cum sociis natoque penatibus et magnis dis parturient montes, nascetur ridiculus mus. Vivamus vestibulum sagittis sapien. Cum sociis natoque penatibus et magnis dis parturient montes, nascetur ridiculus mus.',25,1,'2022-01-28 14:22:23'),(119,'Cras non velit nec nisi vulputate nonummy. Maecenas tincidunt lacus at velit. Vivamus vel nulla eget eros elementum pellentesque.',50,7,'2021-06-01 06:11:56'),(120,'Fusce posuere felis sed lacus. Morbi sem mauris, laoreet ut, rhoncus aliquet, pulvinar sed, nisl. Nunc rhoncus dui vel sem.',19,9,'2021-10-05 02:19:23'),(121,'Maecenas tristique, est et tempus semper, est quam pharetra magna, ac consequat metus sapien ut nunc. Vestibulum ante ipsum primis in faucibus orci luctus et ultrices posuere cubilia Curae; Mauris viverra diam vitae quam. Suspendisse potenti.',55,7,'2021-12-18 12:34:42'),(122,'Integer ac leo. Pellentesque ultrices mattis odio. Donec vitae nisi.',52,8,'2022-02-12 07:05:43'),(123,'Sed ante. Vivamus tortor. Duis mattis egestas metus.',6,3,'2021-05-13 12:30:18'),(124,'Etiam vel augue. Vestibulum rutrum rutrum neque. Aenean auctor gravida sem.',77,3,'2021-08-01 06:55:43'),(125,'Phasellus in felis. Donec semper sapien a libero. Nam dui.',96,8,'2021-11-30 16:16:45'),(126,'Maecenas leo odio, condimentum id, luctus nec, molestie sed, justo. Pellentesque viverra pede ac diam. Cras pellentesque volutpat dui.',6,5,'2021-09-11 19:59:37'),(127,'Fusce consequat. Nulla nisl. Nunc nisl.',20,1,'2021-09-28 16:06:21'),(128,'Duis bibendum, felis sed interdum venenatis, turpis enim blandit mi, in porttitor pede justo eu massa. Donec dapibus. Duis at velit eu est congue elementum.',21,8,'2022-01-30 05:51:23'),(129,'Praesent id massa id nisl venenatis lacinia. Aenean sit amet justo. Morbi ut odio.',77,9,'2021-06-08 08:01:34'),(130,'Lorem ipsum dolor sit amet, consectetuer adipiscing elit. Proin risus. Praesent lectus.',40,7,'2021-11-08 11:09:30'),(131,'Nullam sit amet turpis elementum ligula vehicula consequat. Morbi a ipsum. Integer a nibh.',64,4,'2022-04-25 12:36:19'),(132,'Curabitur at ipsum ac tellus semper interdum. Mauris ullamcorper purus sit amet nulla. Quisque arcu libero, rutrum ac, lobortis vel, dapibus at, diam.',12,4,'2021-10-26 00:36:05'),(133,'Quisque porta volutpat erat. Quisque erat eros, viverra eget, congue eget, semper rutrum, nulla. Nunc purus.',88,4,'2022-03-07 01:48:52'),(134,'Donec diam neque, vestibulum eget, vulputate ut, ultrices vel, augue. Vestibulum ante ipsum primis in faucibus orci luctus et ultrices posuere cubilia Curae; Donec pharetra, magna vestibulum aliquet ultrices, erat tortor sollicitudin mi, sit amet lobortis sapien sapien non mi. Integer ac neque.',28,4,'2021-10-20 20:52:02'),(135,'Sed sagittis. Nam congue, risus semper porta volutpat, quam pede lobortis ligula, sit amet eleifend pede libero quis orci. Nullam molestie nibh in lectus.',30,9,'2021-07-10 19:28:14'),(136,'Phasellus in felis. Donec semper sapien a libero. Nam dui.',91,6,'2022-02-10 19:18:21'),(137,'Proin interdum mauris non ligula pellentesque ultrices. Phasellus id sapien in sapien iaculis congue. Vivamus metus arcu, adipiscing molestie, hendrerit at, vulputate vitae, nisl.',55,4,'2021-05-06 11:15:51'),(138,'Maecenas leo odio, condimentum id, luctus nec, molestie sed, justo. Pellentesque viverra pede ac diam. Cras pellentesque volutpat dui.',76,3,'2022-03-31 22:47:52'),(139,'Suspendisse potenti. In eleifend quam a odio. In hac habitasse platea dictumst.',24,7,'2021-12-10 10:07:58'),(140,'Curabitur at ipsum ac tellus semper interdum. Mauris ullamcorper purus sit amet nulla. Quisque arcu libero, rutrum ac, lobortis vel, dapibus at, diam.',100,3,'2021-10-30 10:22:54'),(141,'Proin interdum mauris non ligula pellentesque ultrices. Phasellus id sapien in sapien iaculis congue. Vivamus metus arcu, adipiscing molestie, hendrerit at, vulputate vitae, nisl.',26,8,'2021-12-21 07:17:46'),(142,'Pellentesque at nulla. Suspendisse potenti. Cras in purus eu magna vulputate luctus.',10,10,'2021-06-30 21:08:55'),(143,'Curabitur gravida nisi at nibh. In hac habitasse platea dictumst. Aliquam augue quam, sollicitudin vitae, consectetuer eget, rutrum at, lorem.',57,8,'2021-05-10 17:26:12'),(144,'Integer ac leo. Pellentesque ultrices mattis odio. Donec vitae nisi.',70,5,'2022-03-08 23:29:58'),(145,'Curabitur in libero ut massa volutpat convallis. Morbi odio odio, elementum eu, interdum eu, tincidunt in, leo. Maecenas pulvinar lobortis est.',37,5,'2021-07-06 10:39:33'),(146,'Curabitur gravida nisi at nibh. In hac habitasse platea dictumst. Aliquam augue quam, sollicitudin vitae, consectetuer eget, rutrum at, lorem.',42,1,'2022-01-07 00:31:30'),(147,'Vestibulum quam sapien, varius ut, blandit non, interdum in, ante. Vestibulum ante ipsum primis in faucibus orci luctus et ultrices posuere cubilia Curae; Duis faucibus accumsan odio. Curabitur convallis.',38,10,'2021-06-28 05:50:59'),(148,'Nullam sit amet turpis elementum ligula vehicula consequat. Morbi a ipsum. Integer a nibh.',53,3,'2021-07-12 18:58:59'),(149,'Aenean lectus. Pellentesque eget nunc. Donec quis orci eget orci vehicula condimentum.',28,5,'2021-09-27 02:22:22'),(150,'Aenean fermentum. Donec ut mauris eget massa tempor convallis. Nulla neque libero, convallis eget, eleifend luctus, ultricies eu, nibh.',79,8,'2022-03-24 11:00:59'),(151,'In sagittis dui vel nisl. Duis ac nibh. Fusce lacus purus, aliquet at, feugiat non, pretium quis, lectus.',13,7,'2021-08-06 13:27:11'),(152,'Etiam vel augue. Vestibulum rutrum rutrum neque. Aenean auctor gravida sem.',66,4,'2021-08-21 23:20:32'),(153,'In congue. Etiam justo. Etiam pretium iaculis justo.',91,6,'2021-10-26 10:46:10'),(154,'Fusce posuere felis sed lacus. Morbi sem mauris, laoreet ut, rhoncus aliquet, pulvinar sed, nisl. Nunc rhoncus dui vel sem.',58,8,'2022-04-14 18:14:18'),(155,'Cras mi pede, malesuada in, imperdiet et, commodo vulputate, justo. In blandit ultrices enim. Lorem ipsum dolor sit amet, consectetuer adipiscing elit.',3,1,'2021-10-04 05:40:12'),(156,'Aliquam quis turpis eget elit sodales scelerisque. Mauris sit amet eros. Suspendisse accumsan tortor quis turpis.',52,10,'2021-05-30 09:22:41'),(157,'In congue. Etiam justo. Etiam pretium iaculis justo.',51,9,'2022-02-15 02:33:19'),(158,'Integer tincidunt ante vel ipsum. Praesent blandit lacinia erat. Vestibulum sed magna at nunc commodo placerat.',97,9,'2021-12-01 20:25:20'),(159,'Donec diam neque, vestibulum eget, vulputate ut, ultrices vel, augue. Vestibulum ante ipsum primis in faucibus orci luctus et ultrices posuere cubilia Curae; Donec pharetra, magna vestibulum aliquet ultrices, erat tortor sollicitudin mi, sit amet lobortis sapien sapien non mi. Integer ac neque.',11,10,'2021-12-06 23:45:07'),(160,'Integer tincidunt ante vel ipsum. Praesent blandit lacinia erat. Vestibulum sed magna at nunc commodo placerat.',33,8,'2022-02-25 06:18:46'),(161,'Praesent id massa id nisl venenatis lacinia. Aenean sit amet justo. Morbi ut odio.',97,8,'2021-12-15 09:01:26'),(162,'Donec diam neque, vestibulum eget, vulputate ut, ultrices vel, augue. Vestibulum ante ipsum primis in faucibus orci luctus et ultrices posuere cubilia Curae; Donec pharetra, magna vestibulum aliquet ultrices, erat tortor sollicitudin mi, sit amet lobortis sapien sapien non mi. Integer ac neque.',57,7,'2021-10-19 13:37:24'),(163,'Proin interdum mauris non ligula pellentesque ultrices. Phasellus id sapien in sapien iaculis congue. Vivamus metus arcu, adipiscing molestie, hendrerit at, vulputate vitae, nisl.',79,10,'2021-05-30 16:05:47'),(164,'Duis bibendum. Morbi non quam nec dui luctus rutrum. Nulla tellus.',20,3,'2021-09-03 04:01:11'),(165,'Sed ante. Vivamus tortor. Duis mattis egestas metus.',32,2,'2021-05-31 02:00:26'),(166,'Suspendisse potenti. In eleifend quam a odio. In hac habitasse platea dictumst.',95,6,'2022-03-25 04:36:03'),(167,'Curabitur in libero ut massa volutpat convallis. Morbi odio odio, elementum eu, interdum eu, tincidunt in, leo. Maecenas pulvinar lobortis est.',56,3,'2021-12-09 07:46:41'),(168,'Duis bibendum, felis sed interdum venenatis, turpis enim blandit mi, in porttitor pede justo eu massa. Donec dapibus. Duis at velit eu est congue elementum.',44,2,'2022-02-11 21:11:36'),(169,'Nullam sit amet turpis elementum ligula vehicula consequat. Morbi a ipsum. Integer a nibh.',35,1,'2021-05-23 05:17:03'),(170,'In hac habitasse platea dictumst. Etiam faucibus cursus urna. Ut tellus.',39,10,'2021-08-18 06:17:22'),(171,'Etiam vel augue. Vestibulum rutrum rutrum neque. Aenean auctor gravida sem.',8,6,'2021-10-21 19:57:28'),(172,'Proin eu mi. Nulla ac enim. In tempor, turpis nec euismod scelerisque, quam turpis adipiscing lorem, vitae mattis nibh ligula nec sem.',14,9,'2021-08-16 19:50:43'),(173,'Pellentesque at nulla. Suspendisse potenti. Cras in purus eu magna vulputate luctus.',21,4,'2021-09-05 17:23:44'),(174,'Curabitur gravida nisi at nibh. In hac habitasse platea dictumst. Aliquam augue quam, sollicitudin vitae, consectetuer eget, rutrum at, lorem.',92,2,'2022-04-17 17:41:22'),(175,'Quisque porta volutpat erat. Quisque erat eros, viverra eget, congue eget, semper rutrum, nulla. Nunc purus.',39,1,'2022-03-07 09:10:29'),(176,'Fusce consequat. Nulla nisl. Nunc nisl.',16,4,'2022-02-21 16:48:22'),(177,'Lorem ipsum dolor sit amet, consectetuer adipiscing elit. Proin risus. Praesent lectus.',41,3,'2021-11-08 11:08:26'),(178,'Donec diam neque, vestibulum eget, vulputate ut, ultrices vel, augue. Vestibulum ante ipsum primis in faucibus orci luctus et ultrices posuere cubilia Curae; Donec pharetra, magna vestibulum aliquet ultrices, erat tortor sollicitudin mi, sit amet lobortis sapien sapien non mi. Integer ac neque.',30,8,'2021-12-11 04:44:44'),(179,'In hac habitasse platea dictumst. Etiam faucibus cursus urna. Ut tellus.',24,5,'2021-11-26 23:11:15'),(180,'Nullam porttitor lacus at turpis. Donec posuere metus vitae ipsum. Aliquam non mauris.',72,5,'2022-02-21 11:52:49'),(181,'Pellentesque at nulla. Suspendisse potenti. Cras in purus eu magna vulputate luctus.',7,9,'2021-06-13 06:49:57'),(182,'Maecenas leo odio, condimentum id, luctus nec, molestie sed, justo. Pellentesque viverra pede ac diam. Cras pellentesque volutpat dui.',80,1,'2021-05-21 19:05:11'),(183,'Maecenas ut massa quis augue luctus tincidunt. Nulla mollis molestie lorem. Quisque ut erat.',76,5,'2021-08-04 11:08:25'),(184,'Sed ante. Vivamus tortor. Duis mattis egestas metus.',40,9,'2021-11-17 18:54:04'),(185,'Suspendisse potenti. In eleifend quam a odio. In hac habitasse platea dictumst.',59,5,'2021-12-27 16:55:03'),(186,'Pellentesque at nulla. Suspendisse potenti. Cras in purus eu magna vulputate luctus.',8,8,'2021-10-23 02:35:25'),(187,'Phasellus in felis. Donec semper sapien a libero. Nam dui.',93,9,'2022-03-18 16:16:05'),(188,'In hac habitasse platea dictumst. Etiam faucibus cursus urna. Ut tellus.',51,2,'2022-02-27 17:31:37'),(189,'Cum sociis natoque penatibus et magnis dis parturient montes, nascetur ridiculus mus. Vivamus vestibulum sagittis sapien. Cum sociis natoque penatibus et magnis dis parturient montes, nascetur ridiculus mus.',44,2,'2021-10-22 22:45:57'),(190,'Cras mi pede, malesuada in, imperdiet et, commodo vulputate, justo. In blandit ultrices enim. Lorem ipsum dolor sit amet, consectetuer adipiscing elit.',36,5,'2022-03-23 11:30:45'),(191,'Fusce consequat. Nulla nisl. Nunc nisl.',27,4,'2021-11-16 06:57:29'),(192,'Curabitur in libero ut massa volutpat convallis. Morbi odio odio, elementum eu, interdum eu, tincidunt in, leo. Maecenas pulvinar lobortis est.',65,2,'2022-04-20 23:08:19'),(193,'Fusce consequat. Nulla nisl. Nunc nisl.',59,7,'2022-03-29 10:03:14'),(194,'In hac habitasse platea dictumst. Etiam faucibus cursus urna. Ut tellus.',29,1,'2021-08-27 03:55:30'),(195,'Quisque porta volutpat erat. Quisque erat eros, viverra eget, congue eget, semper rutrum, nulla. Nunc purus.',33,5,'2022-03-25 05:20:33'),(196,'Curabitur gravida nisi at nibh. In hac habitasse platea dictumst. Aliquam augue quam, sollicitudin vitae, consectetuer eget, rutrum at, lorem.',83,4,'2021-12-19 21:48:26'),(197,'Duis bibendum. Morbi non quam nec dui luctus rutrum. Nulla tellus.',42,2,'2021-08-19 02:00:12'),(198,'Morbi non lectus. Aliquam sit amet diam in magna bibendum imperdiet. Nullam orci pede, venenatis non, sodales sed, tincidunt eu, felis.',40,3,'2021-06-13 12:23:39'),(199,'Morbi porttitor lorem id ligula. Suspendisse ornare consequat lectus. In est risus, auctor sed, tristique in, tempus sit amet, sem.',80,4,'2021-05-27 12:05:42'),(200,'Proin eu mi. Nulla ac enim. In tempor, turpis nec euismod scelerisque, quam turpis adipiscing lorem, vitae mattis nibh ligula nec sem.',48,7,'2021-08-02 06:29:38'),(201,'In sagittis dui vel nisl. Duis ac nibh. Fusce lacus purus, aliquet at, feugiat non, pretium quis, lectus.',60,8,'2022-01-11 04:04:52'),(202,'Nullam sit amet turpis elementum ligula vehicula consequat. Morbi a ipsum. Integer a nibh.',5,2,'2022-01-19 23:28:02'),(203,'Duis consequat dui nec nisi volutpat eleifend. Donec ut dolor. Morbi vel lectus in quam fringilla rhoncus.',23,9,'2021-11-16 00:53:05'),(204,'Suspendisse potenti. In eleifend quam a odio. In hac habitasse platea dictumst.',95,10,'2022-02-15 15:28:58'),(205,'Suspendisse potenti. In eleifend quam a odio. In hac habitasse platea dictumst.',48,7,'2021-12-09 20:58:14'),(206,'Proin leo odio, porttitor id, consequat in, consequat ut, nulla. Sed accumsan felis. Ut at dolor quis odio consequat varius.',84,6,'2022-02-10 13:00:03'),(207,'Morbi non lectus. Aliquam sit amet diam in magna bibendum imperdiet. Nullam orci pede, venenatis non, sodales sed, tincidunt eu, felis.',52,8,'2022-02-24 17:12:46'),(208,'Vestibulum quam sapien, varius ut, blandit non, interdum in, ante. Vestibulum ante ipsum primis in faucibus orci luctus et ultrices posuere cubilia Curae; Duis faucibus accumsan odio. Curabitur convallis.',44,9,'2022-02-07 21:15:14'),(209,'Nam ultrices, libero non mattis pulvinar, nulla pede ullamcorper augue, a suscipit nulla elit ac nulla. Sed vel enim sit amet nunc viverra dapibus. Nulla suscipit ligula in lacus.',95,8,'2022-02-06 13:43:21'),(210,'Quisque porta volutpat erat. Quisque erat eros, viverra eget, congue eget, semper rutrum, nulla. Nunc purus.',6,6,'2021-09-13 19:30:49'),(211,'Maecenas leo odio, condimentum id, luctus nec, molestie sed, justo. Pellentesque viverra pede ac diam. Cras pellentesque volutpat dui.',83,7,'2022-04-12 16:07:42'),(212,'Duis aliquam convallis nunc. Proin at turpis a pede posuere nonummy. Integer non velit.',35,6,'2021-10-06 03:59:30'),(213,'Proin leo odio, porttitor id, consequat in, consequat ut, nulla. Sed accumsan felis. Ut at dolor quis odio consequat varius.',61,4,'2022-03-31 00:40:50'),(214,'Duis consequat dui nec nisi volutpat eleifend. Donec ut dolor. Morbi vel lectus in quam fringilla rhoncus.',33,10,'2021-06-19 17:52:20'),(215,'In quis justo. Maecenas rhoncus aliquam lacus. Morbi quis tortor id nulla ultrices aliquet.',92,3,'2021-08-19 18:01:41'),(216,'Duis bibendum, felis sed interdum venenatis, turpis enim blandit mi, in porttitor pede justo eu massa. Donec dapibus. Duis at velit eu est congue elementum.',75,5,'2021-06-13 09:00:01'),(217,'Nulla ut erat id mauris vulputate elementum. Nullam varius. Nulla facilisi.',46,8,'2021-07-12 07:15:09'),(218,'In hac habitasse platea dictumst. Morbi vestibulum, velit id pretium iaculis, diam erat fermentum justo, nec condimentum neque sapien placerat ante. Nulla justo.',74,1,'2021-07-30 15:37:36'),(219,'Vestibulum ac est lacinia nisi venenatis tristique. Fusce congue, diam id ornare imperdiet, sapien urna pretium nisl, ut volutpat sapien arcu sed augue. Aliquam erat volutpat.',67,4,'2021-12-12 11:14:15'),(220,'Sed sagittis. Nam congue, risus semper porta volutpat, quam pede lobortis ligula, sit amet eleifend pede libero quis orci. Nullam molestie nibh in lectus.',39,7,'2021-12-22 06:58:01'),(221,'Maecenas tristique, est et tempus semper, est quam pharetra magna, ac consequat metus sapien ut nunc. Vestibulum ante ipsum primis in faucibus orci luctus et ultrices posuere cubilia Curae; Mauris viverra diam vitae quam. Suspendisse potenti.',47,10,'2022-04-24 01:18:26'),(222,'Nulla ut erat id mauris vulputate elementum. Nullam varius. Nulla facilisi.',63,4,'2021-12-04 11:01:00'),(223,'Sed ante. Vivamus tortor. Duis mattis egestas metus.',48,6,'2021-06-26 05:42:00'),(224,'Cras non velit nec nisi vulputate nonummy. Maecenas tincidunt lacus at velit. Vivamus vel nulla eget eros elementum pellentesque.',96,6,'2022-03-08 03:53:25'),(225,'Pellentesque at nulla. Suspendisse potenti. Cras in purus eu magna vulputate luctus.',93,5,'2021-10-02 10:25:37'),(226,'Praesent id massa id nisl venenatis lacinia. Aenean sit amet justo. Morbi ut odio.',7,9,'2021-05-28 14:21:26'),(227,'Proin interdum mauris non ligula pellentesque ultrices. Phasellus id sapien in sapien iaculis congue. Vivamus metus arcu, adipiscing molestie, hendrerit at, vulputate vitae, nisl.',78,1,'2021-05-09 05:34:58'),(228,'Proin eu mi. Nulla ac enim. In tempor, turpis nec euismod scelerisque, quam turpis adipiscing lorem, vitae mattis nibh ligula nec sem.',87,4,'2022-03-24 11:36:03'),(229,'Proin interdum mauris non ligula pellentesque ultrices. Phasellus id sapien in sapien iaculis congue. Vivamus metus arcu, adipiscing molestie, hendrerit at, vulputate vitae, nisl.',15,7,'2021-05-17 22:05:31'),(230,'Morbi porttitor lorem id ligula. Suspendisse ornare consequat lectus. In est risus, auctor sed, tristique in, tempus sit amet, sem.',15,9,'2022-02-03 23:31:35'),(231,'Curabitur gravida nisi at nibh. In hac habitasse platea dictumst. Aliquam augue quam, sollicitudin vitae, consectetuer eget, rutrum at, lorem.',63,10,'2022-04-06 09:50:33'),(232,'Integer tincidunt ante vel ipsum. Praesent blandit lacinia erat. Vestibulum sed magna at nunc commodo placerat.',41,3,'2021-12-17 15:01:13'),(233,'Proin eu mi. Nulla ac enim. In tempor, turpis nec euismod scelerisque, quam turpis adipiscing lorem, vitae mattis nibh ligula nec sem.',50,6,'2022-02-05 04:51:01'),(234,'Duis aliquam convallis nunc. Proin at turpis a pede posuere nonummy. Integer non velit.',1,1,'2021-06-11 12:33:28'),(235,'Nullam porttitor lacus at turpis. Donec posuere metus vitae ipsum. Aliquam non mauris.',71,5,'2021-11-08 08:23:59'),(236,'Aliquam quis turpis eget elit sodales scelerisque. Mauris sit amet eros. Suspendisse accumsan tortor quis turpis.',87,3,'2021-10-24 01:09:33'),(237,'Proin leo odio, porttitor id, consequat in, consequat ut, nulla. Sed accumsan felis. Ut at dolor quis odio consequat varius.',47,1,'2021-11-19 12:52:59'),(238,'Duis bibendum. Morbi non quam nec dui luctus rutrum. Nulla tellus.',51,6,'2021-05-21 13:41:57'),(239,'Nullam sit amet turpis elementum ligula vehicula consequat. Morbi a ipsum. Integer a nibh.',86,4,'2021-11-18 23:43:52'),(240,'Aenean fermentum. Donec ut mauris eget massa tempor convallis. Nulla neque libero, convallis eget, eleifend luctus, ultricies eu, nibh.',32,6,'2022-03-10 19:38:53'),(241,'Quisque id justo sit amet sapien dignissim vestibulum. Vestibulum ante ipsum primis in faucibus orci luctus et ultrices posuere cubilia Curae; Nulla dapibus dolor vel est. Donec odio justo, sollicitudin ut, suscipit a, feugiat et, eros.',14,5,'2022-04-06 16:18:13'),(242,'Pellentesque at nulla. Suspendisse potenti. Cras in purus eu magna vulputate luctus.',18,3,'2022-01-28 03:32:38'),(243,'Aenean fermentum. Donec ut mauris eget massa tempor convallis. Nulla neque libero, convallis eget, eleifend luctus, ultricies eu, nibh.',20,9,'2021-12-01 16:24:51'),(244,'Sed sagittis. Nam congue, risus semper porta volutpat, quam pede lobortis ligula, sit amet eleifend pede libero quis orci. Nullam molestie nibh in lectus.',31,6,'2021-08-26 21:43:34'),(245,'Duis consequat dui nec nisi volutpat eleifend. Donec ut dolor. Morbi vel lectus in quam fringilla rhoncus.',35,2,'2022-02-03 22:30:56'),(246,'In quis justo. Maecenas rhoncus aliquam lacus. Morbi quis tortor id nulla ultrices aliquet.',79,2,'2022-03-06 01:13:36'),(247,'Curabitur gravida nisi at nibh. In hac habitasse platea dictumst. Aliquam augue quam, sollicitudin vitae, consectetuer eget, rutrum at, lorem.',95,5,'2021-08-30 03:26:33'),(248,'Maecenas tristique, est et tempus semper, est quam pharetra magna, ac consequat metus sapien ut nunc. Vestibulum ante ipsum primis in faucibus orci luctus et ultrices posuere cubilia Curae; Mauris viverra diam vitae quam. Suspendisse potenti.',37,3,'2021-12-01 07:45:37'),(249,'Curabitur gravida nisi at nibh. In hac habitasse platea dictumst. Aliquam augue quam, sollicitudin vitae, consectetuer eget, rutrum at, lorem.',97,1,'2021-07-13 00:06:42'),(250,'Donec diam neque, vestibulum eget, vulputate ut, ultrices vel, augue. Vestibulum ante ipsum primis in faucibus orci luctus et ultrices posuere cubilia Curae; Donec pharetra, magna vestibulum aliquet ultrices, erat tortor sollicitudin mi, sit amet lobortis sapien sapien non mi. Integer ac neque.',61,1,'2021-09-04 23:21:26');
/*!40000 ALTER TABLE `group_message` ENABLE KEYS */;
UNLOCK TABLES;
/*!50003 SET @saved_cs_client      = @@character_set_client */ ;
/*!50003 SET @saved_cs_results     = @@character_set_results */ ;
/*!50003 SET @saved_col_connection = @@collation_connection */ ;
/*!50003 SET character_set_client  = utf8mb4 */ ;
/*!50003 SET character_set_results = utf8mb4 */ ;
/*!50003 SET collation_connection  = utf8mb4_0900_ai_ci */ ;
/*!50003 SET @saved_sql_mode       = @@sql_mode */ ;
/*!50003 SET sql_mode              = 'STRICT_TRANS_TABLES,NO_ENGINE_SUBSTITUTION' */ ;
DELIMITER ;;
/*!50003 CREATE*/ /*!50017 DEFINER=`root`@`localhost`*/ /*!50003 TRIGGER `group_message_BEFORE_INSERT` BEFORE INSERT ON `group_message` FOR EACH ROW BEGIN
set new.timestamp = current_timestamp();
END */;;
DELIMITER ;
/*!50003 SET sql_mode              = @saved_sql_mode */ ;
/*!50003 SET character_set_client  = @saved_cs_client */ ;
/*!50003 SET character_set_results = @saved_cs_results */ ;
/*!50003 SET collation_connection  = @saved_col_connection */ ;

--
-- Table structure for table `group_message_views`
--

DROP TABLE IF EXISTS `group_message_views`;
/*!40101 SET @saved_cs_client     = @@character_set_client */;
/*!50503 SET character_set_client = utf8mb4 */;
CREATE TABLE `group_message_views` (
  `msg_id` int NOT NULL,
  `msg_body` varchar(1000) NOT NULL,
  `sender_id` int NOT NULL,
  `viewer_id` int NOT NULL,
  `group_id` int NOT NULL,
  `is_seen` tinyint NOT NULL,
  `timestamp` datetime NOT NULL,
  KEY `msg_id_idx` (`msg_id`),
  KEY `sender_id_idx` (`sender_id`),
  KEY `group_id_idx` (`group_id`),
  CONSTRAINT `group_id` FOREIGN KEY (`group_id`) REFERENCES `groups_` (`group_id`),
  CONSTRAINT `msg_id` FOREIGN KEY (`msg_id`) REFERENCES `group_message` (`msg_id`),
  CONSTRAINT `sender_id` FOREIGN KEY (`sender_id`) REFERENCES `user` (`user_id`)
) ENGINE=InnoDB DEFAULT CHARSET=utf8mb4 COLLATE=utf8mb4_0900_ai_ci;
/*!40101 SET character_set_client = @saved_cs_client */;

--
-- Dumping data for table `group_message_views`
--

LOCK TABLES `group_message_views` WRITE;
/*!40000 ALTER TABLE `group_message_views` DISABLE KEYS */;
INSERT INTO `group_message_views` VALUES (1,'Nullam porttitor lacus at turpis. Donec posuere metus vitae ipsum. Aliquam non mauris.',64,85,4,1,'2022-02-10 22:22:00'),(1,'Nullam porttitor lacus at turpis. Donec posuere metus vitae ipsum. Aliquam non mauris.',64,37,4,1,'2022-02-10 22:22:00'),(1,'Nullam porttitor lacus at turpis. Donec posuere metus vitae ipsum. Aliquam non mauris.',64,82,4,1,'2022-02-10 22:22:00'),(1,'Nullam porttitor lacus at turpis. Donec posuere metus vitae ipsum. Aliquam non mauris.',64,35,4,1,'2022-02-10 22:22:00'),(1,'Nullam porttitor lacus at turpis. Donec posuere metus vitae ipsum. Aliquam non mauris.',64,97,4,1,'2022-02-10 22:22:00'),(1,'Nullam porttitor lacus at turpis. Donec posuere metus vitae ipsum. Aliquam non mauris.',64,96,4,1,'2022-02-10 22:22:00'),(1,'Nullam porttitor lacus at turpis. Donec posuere metus vitae ipsum. Aliquam non mauris.',64,89,4,1,'2022-02-10 22:22:00'),(1,'Nullam porttitor lacus at turpis. Donec posuere metus vitae ipsum. Aliquam non mauris.',64,27,4,1,'2022-02-10 22:22:00'),(1,'Nullam porttitor lacus at turpis. Donec posuere metus vitae ipsum. Aliquam non mauris.',64,12,4,1,'2022-02-10 22:22:00'),(1,'Nullam porttitor lacus at turpis. Donec posuere metus vitae ipsum. Aliquam non mauris.',64,88,4,1,'2022-02-10 22:22:00'),(1,'Nullam porttitor lacus at turpis. Donec posuere metus vitae ipsum. Aliquam non mauris.',64,28,4,1,'2022-02-10 22:22:00'),(1,'Nullam porttitor lacus at turpis. Donec posuere metus vitae ipsum. Aliquam non mauris.',64,55,4,1,'2022-02-10 22:22:00'),(1,'Nullam porttitor lacus at turpis. Donec posuere metus vitae ipsum. Aliquam non mauris.',64,66,4,1,'2022-02-10 22:22:00'),(1,'Nullam porttitor lacus at turpis. Donec posuere metus vitae ipsum. Aliquam non mauris.',64,21,4,1,'2022-02-10 22:22:00'),(1,'Nullam porttitor lacus at turpis. Donec posuere metus vitae ipsum. Aliquam non mauris.',64,16,4,1,'2022-02-10 22:22:00'),(1,'Nullam porttitor lacus at turpis. Donec posuere metus vitae ipsum. Aliquam non mauris.',64,83,4,1,'2022-02-10 22:22:00'),(1,'Nullam porttitor lacus at turpis. Donec posuere metus vitae ipsum. Aliquam non mauris.',64,80,4,1,'2022-02-10 22:22:00'),(1,'Nullam porttitor lacus at turpis. Donec posuere metus vitae ipsum. Aliquam non mauris.',64,61,4,1,'2022-02-10 22:22:00'),(1,'Nullam porttitor lacus at turpis. Donec posuere metus vitae ipsum. Aliquam non mauris.',64,67,4,1,'2022-02-10 22:22:00'),(1,'Nullam porttitor lacus at turpis. Donec posuere metus vitae ipsum. Aliquam non mauris.',64,63,4,1,'2022-02-10 22:22:00'),(1,'Nullam porttitor lacus at turpis. Donec posuere metus vitae ipsum. Aliquam non mauris.',64,87,4,1,'2022-02-10 22:22:00'),(1,'Nullam porttitor lacus at turpis. Donec posuere metus vitae ipsum. Aliquam non mauris.',64,86,4,1,'2022-02-10 22:22:00'),(2,'Proin eu mi. Nulla ac enim. In tempor, turpis nec euismod scelerisque, quam turpis adipiscing lorem, vitae mattis nibh ligula nec sem.',91,91,6,1,'2022-01-31 06:42:00'),(2,'Proin eu mi. Nulla ac enim. In tempor, turpis nec euismod scelerisque, quam turpis adipiscing lorem, vitae mattis nibh ligula nec sem.',91,6,6,1,'2022-01-31 06:42:00'),(2,'Proin eu mi. Nulla ac enim. In tempor, turpis nec euismod scelerisque, quam turpis adipiscing lorem, vitae mattis nibh ligula nec sem.',91,66,6,1,'2022-01-31 06:42:00'),(2,'Proin eu mi. Nulla ac enim. In tempor, turpis nec euismod scelerisque, quam turpis adipiscing lorem, vitae mattis nibh ligula nec sem.',91,15,6,1,'2022-01-31 06:42:00'),(2,'Proin eu mi. Nulla ac enim. In tempor, turpis nec euismod scelerisque, quam turpis adipiscing lorem, vitae mattis nibh ligula nec sem.',91,75,6,1,'2022-01-31 06:42:00'),(2,'Proin eu mi. Nulla ac enim. In tempor, turpis nec euismod scelerisque, quam turpis adipiscing lorem, vitae mattis nibh ligula nec sem.',91,76,6,1,'2022-01-31 06:42:00'),(2,'Proin eu mi. Nulla ac enim. In tempor, turpis nec euismod scelerisque, quam turpis adipiscing lorem, vitae mattis nibh ligula nec sem.',91,79,6,1,'2022-01-31 06:42:00'),(2,'Proin eu mi. Nulla ac enim. In tempor, turpis nec euismod scelerisque, quam turpis adipiscing lorem, vitae mattis nibh ligula nec sem.',91,19,6,1,'2022-01-31 06:42:00'),(2,'Proin eu mi. Nulla ac enim. In tempor, turpis nec euismod scelerisque, quam turpis adipiscing lorem, vitae mattis nibh ligula nec sem.',91,13,6,1,'2022-01-31 06:42:00'),(2,'Proin eu mi. Nulla ac enim. In tempor, turpis nec euismod scelerisque, quam turpis adipiscing lorem, vitae mattis nibh ligula nec sem.',91,93,6,1,'2022-01-31 06:42:00'),(2,'Proin eu mi. Nulla ac enim. In tempor, turpis nec euismod scelerisque, quam turpis adipiscing lorem, vitae mattis nibh ligula nec sem.',91,37,6,1,'2022-01-31 06:42:00'),(2,'Proin eu mi. Nulla ac enim. In tempor, turpis nec euismod scelerisque, quam turpis adipiscing lorem, vitae mattis nibh ligula nec sem.',91,49,6,1,'2022-01-31 06:42:00'),(2,'Proin eu mi. Nulla ac enim. In tempor, turpis nec euismod scelerisque, quam turpis adipiscing lorem, vitae mattis nibh ligula nec sem.',91,21,6,1,'2022-01-31 06:42:00'),(2,'Proin eu mi. Nulla ac enim. In tempor, turpis nec euismod scelerisque, quam turpis adipiscing lorem, vitae mattis nibh ligula nec sem.',91,40,6,1,'2022-01-31 06:42:00'),(2,'Proin eu mi. Nulla ac enim. In tempor, turpis nec euismod scelerisque, quam turpis adipiscing lorem, vitae mattis nibh ligula nec sem.',91,56,6,1,'2022-01-31 06:42:00'),(2,'Proin eu mi. Nulla ac enim. In tempor, turpis nec euismod scelerisque, quam turpis adipiscing lorem, vitae mattis nibh ligula nec sem.',91,95,6,1,'2022-01-31 06:42:00'),(2,'Proin eu mi. Nulla ac enim. In tempor, turpis nec euismod scelerisque, quam turpis adipiscing lorem, vitae mattis nibh ligula nec sem.',91,8,6,1,'2022-01-31 06:42:00'),(2,'Proin eu mi. Nulla ac enim. In tempor, turpis nec euismod scelerisque, quam turpis adipiscing lorem, vitae mattis nibh ligula nec sem.',91,84,6,1,'2022-01-31 06:42:00'),(2,'Proin eu mi. Nulla ac enim. In tempor, turpis nec euismod scelerisque, quam turpis adipiscing lorem, vitae mattis nibh ligula nec sem.',91,35,6,1,'2022-01-31 06:42:00'),(2,'Proin eu mi. Nulla ac enim. In tempor, turpis nec euismod scelerisque, quam turpis adipiscing lorem, vitae mattis nibh ligula nec sem.',91,48,6,1,'2022-01-31 06:42:00'),(2,'Proin eu mi. Nulla ac enim. In tempor, turpis nec euismod scelerisque, quam turpis adipiscing lorem, vitae mattis nibh ligula nec sem.',91,96,6,1,'2022-01-31 06:42:00'),(2,'Proin eu mi. Nulla ac enim. In tempor, turpis nec euismod scelerisque, quam turpis adipiscing lorem, vitae mattis nibh ligula nec sem.',91,50,6,1,'2022-01-31 06:42:00'),(2,'Proin eu mi. Nulla ac enim. In tempor, turpis nec euismod scelerisque, quam turpis adipiscing lorem, vitae mattis nibh ligula nec sem.',91,51,6,1,'2022-01-31 06:42:00'),(2,'Proin eu mi. Nulla ac enim. In tempor, turpis nec euismod scelerisque, quam turpis adipiscing lorem, vitae mattis nibh ligula nec sem.',91,32,6,1,'2022-01-31 06:42:00'),(2,'Proin eu mi. Nulla ac enim. In tempor, turpis nec euismod scelerisque, quam turpis adipiscing lorem, vitae mattis nibh ligula nec sem.',91,31,6,1,'2022-01-31 06:42:00'),(3,'Donec diam neque, vestibulum eget, vulputate ut, ultrices vel, augue. Vestibulum ante ipsum primis in faucibus orci luctus et ultrices posuere cubilia Curae; Donec pharetra, magna vestibulum aliquet ultrices, erat tortor sollicitudin mi, sit amet lobortis sapien sapien non mi. Integer ac neque.',86,86,9,1,'2021-10-11 01:19:00'),(3,'Donec diam neque, vestibulum eget, vulputate ut, ultrices vel, augue. Vestibulum ante ipsum primis in faucibus orci luctus et ultrices posuere cubilia Curae; Donec pharetra, magna vestibulum aliquet ultrices, erat tortor sollicitudin mi, sit amet lobortis sapien sapien non mi. Integer ac neque.',86,83,9,1,'2021-10-11 01:19:00'),(3,'Donec diam neque, vestibulum eget, vulputate ut, ultrices vel, augue. Vestibulum ante ipsum primis in faucibus orci luctus et ultrices posuere cubilia Curae; Donec pharetra, magna vestibulum aliquet ultrices, erat tortor sollicitudin mi, sit amet lobortis sapien sapien non mi. Integer ac neque.',86,79,9,1,'2021-10-11 01:19:00'),(3,'Donec diam neque, vestibulum eget, vulputate ut, ultrices vel, augue. Vestibulum ante ipsum primis in faucibus orci luctus et ultrices posuere cubilia Curae; Donec pharetra, magna vestibulum aliquet ultrices, erat tortor sollicitudin mi, sit amet lobortis sapien sapien non mi. Integer ac neque.',86,27,9,1,'2021-10-11 01:19:00'),(3,'Donec diam neque, vestibulum eget, vulputate ut, ultrices vel, augue. Vestibulum ante ipsum primis in faucibus orci luctus et ultrices posuere cubilia Curae; Donec pharetra, magna vestibulum aliquet ultrices, erat tortor sollicitudin mi, sit amet lobortis sapien sapien non mi. Integer ac neque.',86,59,9,1,'2021-10-11 01:19:00'),(3,'Donec diam neque, vestibulum eget, vulputate ut, ultrices vel, augue. Vestibulum ante ipsum primis in faucibus orci luctus et ultrices posuere cubilia Curae; Donec pharetra, magna vestibulum aliquet ultrices, erat tortor sollicitudin mi, sit amet lobortis sapien sapien non mi. Integer ac neque.',86,71,9,1,'2021-10-11 01:19:00'),(3,'Donec diam neque, vestibulum eget, vulputate ut, ultrices vel, augue. Vestibulum ante ipsum primis in faucibus orci luctus et ultrices posuere cubilia Curae; Donec pharetra, magna vestibulum aliquet ultrices, erat tortor sollicitudin mi, sit amet lobortis sapien sapien non mi. Integer ac neque.',86,92,9,1,'2021-10-11 01:19:00'),(3,'Donec diam neque, vestibulum eget, vulputate ut, ultrices vel, augue. Vestibulum ante ipsum primis in faucibus orci luctus et ultrices posuere cubilia Curae; Donec pharetra, magna vestibulum aliquet ultrices, erat tortor sollicitudin mi, sit amet lobortis sapien sapien non mi. Integer ac neque.',86,3,9,1,'2021-10-11 01:19:00'),(3,'Donec diam neque, vestibulum eget, vulputate ut, ultrices vel, augue. Vestibulum ante ipsum primis in faucibus orci luctus et ultrices posuere cubilia Curae; Donec pharetra, magna vestibulum aliquet ultrices, erat tortor sollicitudin mi, sit amet lobortis sapien sapien non mi. Integer ac neque.',86,32,9,1,'2021-10-11 01:19:00'),(3,'Donec diam neque, vestibulum eget, vulputate ut, ultrices vel, augue. Vestibulum ante ipsum primis in faucibus orci luctus et ultrices posuere cubilia Curae; Donec pharetra, magna vestibulum aliquet ultrices, erat tortor sollicitudin mi, sit amet lobortis sapien sapien non mi. Integer ac neque.',86,53,9,1,'2021-10-11 01:19:00'),(3,'Donec diam neque, vestibulum eget, vulputate ut, ultrices vel, augue. Vestibulum ante ipsum primis in faucibus orci luctus et ultrices posuere cubilia Curae; Donec pharetra, magna vestibulum aliquet ultrices, erat tortor sollicitudin mi, sit amet lobortis sapien sapien non mi. Integer ac neque.',86,14,9,1,'2021-10-11 01:19:00'),(3,'Donec diam neque, vestibulum eget, vulputate ut, ultrices vel, augue. Vestibulum ante ipsum primis in faucibus orci luctus et ultrices posuere cubilia Curae; Donec pharetra, magna vestibulum aliquet ultrices, erat tortor sollicitudin mi, sit amet lobortis sapien sapien non mi. Integer ac neque.',86,67,9,1,'2021-10-11 01:19:00'),(3,'Donec diam neque, vestibulum eget, vulputate ut, ultrices vel, augue. Vestibulum ante ipsum primis in faucibus orci luctus et ultrices posuere cubilia Curae; Donec pharetra, magna vestibulum aliquet ultrices, erat tortor sollicitudin mi, sit amet lobortis sapien sapien non mi. Integer ac neque.',86,19,9,1,'2021-10-11 01:19:00'),(3,'Donec diam neque, vestibulum eget, vulputate ut, ultrices vel, augue. Vestibulum ante ipsum primis in faucibus orci luctus et ultrices posuere cubilia Curae; Donec pharetra, magna vestibulum aliquet ultrices, erat tortor sollicitudin mi, sit amet lobortis sapien sapien non mi. Integer ac neque.',86,77,9,1,'2021-10-11 01:19:00'),(3,'Donec diam neque, vestibulum eget, vulputate ut, ultrices vel, augue. Vestibulum ante ipsum primis in faucibus orci luctus et ultrices posuere cubilia Curae; Donec pharetra, magna vestibulum aliquet ultrices, erat tortor sollicitudin mi, sit amet lobortis sapien sapien non mi. Integer ac neque.',86,30,9,1,'2021-10-11 01:19:00'),(3,'Donec diam neque, vestibulum eget, vulputate ut, ultrices vel, augue. Vestibulum ante ipsum primis in faucibus orci luctus et ultrices posuere cubilia Curae; Donec pharetra, magna vestibulum aliquet ultrices, erat tortor sollicitudin mi, sit amet lobortis sapien sapien non mi. Integer ac neque.',86,51,9,1,'2021-10-11 01:19:00'),(3,'Donec diam neque, vestibulum eget, vulputate ut, ultrices vel, augue. Vestibulum ante ipsum primis in faucibus orci luctus et ultrices posuere cubilia Curae; Donec pharetra, magna vestibulum aliquet ultrices, erat tortor sollicitudin mi, sit amet lobortis sapien sapien non mi. Integer ac neque.',86,97,9,1,'2021-10-11 01:19:00'),(3,'Donec diam neque, vestibulum eget, vulputate ut, ultrices vel, augue. Vestibulum ante ipsum primis in faucibus orci luctus et ultrices posuere cubilia Curae; Donec pharetra, magna vestibulum aliquet ultrices, erat tortor sollicitudin mi, sit amet lobortis sapien sapien non mi. Integer ac neque.',86,7,9,1,'2021-10-11 01:19:00'),(3,'Donec diam neque, vestibulum eget, vulputate ut, ultrices vel, augue. Vestibulum ante ipsum primis in faucibus orci luctus et ultrices posuere cubilia Curae; Donec pharetra, magna vestibulum aliquet ultrices, erat tortor sollicitudin mi, sit amet lobortis sapien sapien non mi. Integer ac neque.',86,40,9,1,'2021-10-11 01:19:00'),(3,'Donec diam neque, vestibulum eget, vulputate ut, ultrices vel, augue. Vestibulum ante ipsum primis in faucibus orci luctus et ultrices posuere cubilia Curae; Donec pharetra, magna vestibulum aliquet ultrices, erat tortor sollicitudin mi, sit amet lobortis sapien sapien non mi. Integer ac neque.',86,93,9,1,'2021-10-11 01:19:00'),(3,'Donec diam neque, vestibulum eget, vulputate ut, ultrices vel, augue. Vestibulum ante ipsum primis in faucibus orci luctus et ultrices posuere cubilia Curae; Donec pharetra, magna vestibulum aliquet ultrices, erat tortor sollicitudin mi, sit amet lobortis sapien sapien non mi. Integer ac neque.',86,23,9,1,'2021-10-11 01:19:00'),(3,'Donec diam neque, vestibulum eget, vulputate ut, ultrices vel, augue. Vestibulum ante ipsum primis in faucibus orci luctus et ultrices posuere cubilia Curae; Donec pharetra, magna vestibulum aliquet ultrices, erat tortor sollicitudin mi, sit amet lobortis sapien sapien non mi. Integer ac neque.',86,44,9,1,'2021-10-11 01:19:00'),(3,'Donec diam neque, vestibulum eget, vulputate ut, ultrices vel, augue. Vestibulum ante ipsum primis in faucibus orci luctus et ultrices posuere cubilia Curae; Donec pharetra, magna vestibulum aliquet ultrices, erat tortor sollicitudin mi, sit amet lobortis sapien sapien non mi. Integer ac neque.',86,15,9,1,'2021-10-11 01:19:00'),(3,'Donec diam neque, vestibulum eget, vulputate ut, ultrices vel, augue. Vestibulum ante ipsum primis in faucibus orci luctus et ultrices posuere cubilia Curae; Donec pharetra, magna vestibulum aliquet ultrices, erat tortor sollicitudin mi, sit amet lobortis sapien sapien non mi. Integer ac neque.',86,20,9,1,'2021-10-11 01:19:00'),(4,'Mauris enim leo, rhoncus sed, vestibulum sit amet, cursus id, turpis. Integer aliquet, massa id lobortis convallis, tortor risus dapibus augue, vel accumsan tellus nisi eu orci. Mauris lacinia sapien quis libero.',32,32,5,1,'2022-01-17 02:37:00'),(4,'Mauris enim leo, rhoncus sed, vestibulum sit amet, cursus id, turpis. Integer aliquet, massa id lobortis convallis, tortor risus dapibus augue, vel accumsan tellus nisi eu orci. Mauris lacinia sapien quis libero.',32,42,5,1,'2022-01-17 02:37:00'),(4,'Mauris enim leo, rhoncus sed, vestibulum sit amet, cursus id, turpis. Integer aliquet, massa id lobortis convallis, tortor risus dapibus augue, vel accumsan tellus nisi eu orci. Mauris lacinia sapien quis libero.',32,84,5,1,'2022-01-17 02:37:00'),(4,'Mauris enim leo, rhoncus sed, vestibulum sit amet, cursus id, turpis. Integer aliquet, massa id lobortis convallis, tortor risus dapibus augue, vel accumsan tellus nisi eu orci. Mauris lacinia sapien quis libero.',32,3,5,1,'2022-01-17 02:37:00'),(4,'Mauris enim leo, rhoncus sed, vestibulum sit amet, cursus id, turpis. Integer aliquet, massa id lobortis convallis, tortor risus dapibus augue, vel accumsan tellus nisi eu orci. Mauris lacinia sapien quis libero.',32,79,5,1,'2022-01-17 02:37:00'),(4,'Mauris enim leo, rhoncus sed, vestibulum sit amet, cursus id, turpis. Integer aliquet, massa id lobortis convallis, tortor risus dapibus augue, vel accumsan tellus nisi eu orci. Mauris lacinia sapien quis libero.',32,37,5,1,'2022-01-17 02:37:00'),(4,'Mauris enim leo, rhoncus sed, vestibulum sit amet, cursus id, turpis. Integer aliquet, massa id lobortis convallis, tortor risus dapibus augue, vel accumsan tellus nisi eu orci. Mauris lacinia sapien quis libero.',32,52,5,1,'2022-01-17 02:37:00'),(4,'Mauris enim leo, rhoncus sed, vestibulum sit amet, cursus id, turpis. Integer aliquet, massa id lobortis convallis, tortor risus dapibus augue, vel accumsan tellus nisi eu orci. Mauris lacinia sapien quis libero.',32,34,5,1,'2022-01-17 02:37:00'),(4,'Mauris enim leo, rhoncus sed, vestibulum sit amet, cursus id, turpis. Integer aliquet, massa id lobortis convallis, tortor risus dapibus augue, vel accumsan tellus nisi eu orci. Mauris lacinia sapien quis libero.',32,76,5,1,'2022-01-17 02:37:00'),(4,'Mauris enim leo, rhoncus sed, vestibulum sit amet, cursus id, turpis. Integer aliquet, massa id lobortis convallis, tortor risus dapibus augue, vel accumsan tellus nisi eu orci. Mauris lacinia sapien quis libero.',32,86,5,1,'2022-01-17 02:37:00'),(4,'Mauris enim leo, rhoncus sed, vestibulum sit amet, cursus id, turpis. Integer aliquet, massa id lobortis convallis, tortor risus dapibus augue, vel accumsan tellus nisi eu orci. Mauris lacinia sapien quis libero.',32,48,5,1,'2022-01-17 02:37:00'),(4,'Mauris enim leo, rhoncus sed, vestibulum sit amet, cursus id, turpis. Integer aliquet, massa id lobortis convallis, tortor risus dapibus augue, vel accumsan tellus nisi eu orci. Mauris lacinia sapien quis libero.',32,29,5,1,'2022-01-17 02:37:00'),(4,'Mauris enim leo, rhoncus sed, vestibulum sit amet, cursus id, turpis. Integer aliquet, massa id lobortis convallis, tortor risus dapibus augue, vel accumsan tellus nisi eu orci. Mauris lacinia sapien quis libero.',32,6,5,1,'2022-01-17 02:37:00'),(4,'Mauris enim leo, rhoncus sed, vestibulum sit amet, cursus id, turpis. Integer aliquet, massa id lobortis convallis, tortor risus dapibus augue, vel accumsan tellus nisi eu orci. Mauris lacinia sapien quis libero.',32,70,5,1,'2022-01-17 02:37:00'),(4,'Mauris enim leo, rhoncus sed, vestibulum sit amet, cursus id, turpis. Integer aliquet, massa id lobortis convallis, tortor risus dapibus augue, vel accumsan tellus nisi eu orci. Mauris lacinia sapien quis libero.',32,28,5,1,'2022-01-17 02:37:00'),(4,'Mauris enim leo, rhoncus sed, vestibulum sit amet, cursus id, turpis. Integer aliquet, massa id lobortis convallis, tortor risus dapibus augue, vel accumsan tellus nisi eu orci. Mauris lacinia sapien quis libero.',32,24,5,1,'2022-01-17 02:37:00'),(4,'Mauris enim leo, rhoncus sed, vestibulum sit amet, cursus id, turpis. Integer aliquet, massa id lobortis convallis, tortor risus dapibus augue, vel accumsan tellus nisi eu orci. Mauris lacinia sapien quis libero.',32,72,5,1,'2022-01-17 02:37:00'),(4,'Mauris enim leo, rhoncus sed, vestibulum sit amet, cursus id, turpis. Integer aliquet, massa id lobortis convallis, tortor risus dapibus augue, vel accumsan tellus nisi eu orci. Mauris lacinia sapien quis libero.',32,59,5,1,'2022-01-17 02:37:00'),(4,'Mauris enim leo, rhoncus sed, vestibulum sit amet, cursus id, turpis. Integer aliquet, massa id lobortis convallis, tortor risus dapibus augue, vel accumsan tellus nisi eu orci. Mauris lacinia sapien quis libero.',32,36,5,1,'2022-01-17 02:37:00'),(4,'Mauris enim leo, rhoncus sed, vestibulum sit amet, cursus id, turpis. Integer aliquet, massa id lobortis convallis, tortor risus dapibus augue, vel accumsan tellus nisi eu orci. Mauris lacinia sapien quis libero.',32,33,5,1,'2022-01-17 02:37:00'),(4,'Mauris enim leo, rhoncus sed, vestibulum sit amet, cursus id, turpis. Integer aliquet, massa id lobortis convallis, tortor risus dapibus augue, vel accumsan tellus nisi eu orci. Mauris lacinia sapien quis libero.',32,75,5,1,'2022-01-17 02:37:00'),(4,'Mauris enim leo, rhoncus sed, vestibulum sit amet, cursus id, turpis. Integer aliquet, massa id lobortis convallis, tortor risus dapibus augue, vel accumsan tellus nisi eu orci. Mauris lacinia sapien quis libero.',32,93,5,1,'2022-01-17 02:37:00'),(4,'Mauris enim leo, rhoncus sed, vestibulum sit amet, cursus id, turpis. Integer aliquet, massa id lobortis convallis, tortor risus dapibus augue, vel accumsan tellus nisi eu orci. Mauris lacinia sapien quis libero.',32,71,5,1,'2022-01-17 02:37:00'),(4,'Mauris enim leo, rhoncus sed, vestibulum sit amet, cursus id, turpis. Integer aliquet, massa id lobortis convallis, tortor risus dapibus augue, vel accumsan tellus nisi eu orci. Mauris lacinia sapien quis libero.',32,14,5,1,'2022-01-17 02:37:00'),(4,'Mauris enim leo, rhoncus sed, vestibulum sit amet, cursus id, turpis. Integer aliquet, massa id lobortis convallis, tortor risus dapibus augue, vel accumsan tellus nisi eu orci. Mauris lacinia sapien quis libero.',32,95,5,1,'2022-01-17 02:37:00'),(5,'Proin leo odio, porttitor id, consequat in, consequat ut, nulla. Sed accumsan felis. Ut at dolor quis odio consequat varius.',66,66,10,1,'2022-02-25 07:30:00'),(5,'Proin leo odio, porttitor id, consequat in, consequat ut, nulla. Sed accumsan felis. Ut at dolor quis odio consequat varius.',66,92,10,1,'2022-02-25 07:30:00'),(5,'Proin leo odio, porttitor id, consequat in, consequat ut, nulla. Sed accumsan felis. Ut at dolor quis odio consequat varius.',66,64,10,1,'2022-02-25 07:30:00'),(5,'Proin leo odio, porttitor id, consequat in, consequat ut, nulla. Sed accumsan felis. Ut at dolor quis odio consequat varius.',66,81,10,1,'2022-02-25 07:30:00'),(5,'Proin leo odio, porttitor id, consequat in, consequat ut, nulla. Sed accumsan felis. Ut at dolor quis odio consequat varius.',66,85,10,1,'2022-02-25 07:30:00'),(5,'Proin leo odio, porttitor id, consequat in, consequat ut, nulla. Sed accumsan felis. Ut at dolor quis odio consequat varius.',66,61,10,1,'2022-02-25 07:30:00'),(5,'Proin leo odio, porttitor id, consequat in, consequat ut, nulla. Sed accumsan felis. Ut at dolor quis odio consequat varius.',66,89,10,1,'2022-02-25 07:30:00'),(5,'Proin leo odio, porttitor id, consequat in, consequat ut, nulla. Sed accumsan felis. Ut at dolor quis odio consequat varius.',66,38,10,1,'2022-02-25 07:30:00'),(5,'Proin leo odio, porttitor id, consequat in, consequat ut, nulla. Sed accumsan felis. Ut at dolor quis odio consequat varius.',66,84,10,1,'2022-02-25 07:30:00'),(5,'Proin leo odio, porttitor id, consequat in, consequat ut, nulla. Sed accumsan felis. Ut at dolor quis odio consequat varius.',66,91,10,1,'2022-02-25 07:30:00'),(5,'Proin leo odio, porttitor id, consequat in, consequat ut, nulla. Sed accumsan felis. Ut at dolor quis odio consequat varius.',66,71,10,1,'2022-02-25 07:30:00'),(5,'Proin leo odio, porttitor id, consequat in, consequat ut, nulla. Sed accumsan felis. Ut at dolor quis odio consequat varius.',66,28,10,1,'2022-02-25 07:30:00'),(5,'Proin leo odio, porttitor id, consequat in, consequat ut, nulla. Sed accumsan felis. Ut at dolor quis odio consequat varius.',66,24,10,1,'2022-02-25 07:30:00'),(5,'Proin leo odio, porttitor id, consequat in, consequat ut, nulla. Sed accumsan felis. Ut at dolor quis odio consequat varius.',66,10,10,1,'2022-02-25 07:30:00'),(5,'Proin leo odio, porttitor id, consequat in, consequat ut, nulla. Sed accumsan felis. Ut at dolor quis odio consequat varius.',66,52,10,1,'2022-02-25 07:30:00'),(5,'Proin leo odio, porttitor id, consequat in, consequat ut, nulla. Sed accumsan felis. Ut at dolor quis odio consequat varius.',66,11,10,1,'2022-02-25 07:30:00'),(5,'Proin leo odio, porttitor id, consequat in, consequat ut, nulla. Sed accumsan felis. Ut at dolor quis odio consequat varius.',66,79,10,1,'2022-02-25 07:30:00'),(5,'Proin leo odio, porttitor id, consequat in, consequat ut, nulla. Sed accumsan felis. Ut at dolor quis odio consequat varius.',66,39,10,1,'2022-02-25 07:30:00'),(5,'Proin leo odio, porttitor id, consequat in, consequat ut, nulla. Sed accumsan felis. Ut at dolor quis odio consequat varius.',66,95,10,1,'2022-02-25 07:30:00'),(5,'Proin leo odio, porttitor id, consequat in, consequat ut, nulla. Sed accumsan felis. Ut at dolor quis odio consequat varius.',66,33,10,1,'2022-02-25 07:30:00'),(5,'Proin leo odio, porttitor id, consequat in, consequat ut, nulla. Sed accumsan felis. Ut at dolor quis odio consequat varius.',66,47,10,1,'2022-02-25 07:30:00'),(5,'Proin leo odio, porttitor id, consequat in, consequat ut, nulla. Sed accumsan felis. Ut at dolor quis odio consequat varius.',66,63,10,1,'2022-02-25 07:30:00'),(6,'Aenean fermentum. Donec ut mauris eget massa tempor convallis. Nulla neque libero, convallis eget, eleifend luctus, ultricies eu, nibh.',42,32,5,5,'2021-07-11 18:38:00'),(6,'Aenean fermentum. Donec ut mauris eget massa tempor convallis. Nulla neque libero, convallis eget, eleifend luctus, ultricies eu, nibh.',42,42,5,5,'2021-07-11 18:38:00'),(6,'Aenean fermentum. Donec ut mauris eget massa tempor convallis. Nulla neque libero, convallis eget, eleifend luctus, ultricies eu, nibh.',42,84,5,5,'2021-07-11 18:38:00'),(6,'Aenean fermentum. Donec ut mauris eget massa tempor convallis. Nulla neque libero, convallis eget, eleifend luctus, ultricies eu, nibh.',42,3,5,5,'2021-07-11 18:38:00'),(6,'Aenean fermentum. Donec ut mauris eget massa tempor convallis. Nulla neque libero, convallis eget, eleifend luctus, ultricies eu, nibh.',42,79,5,5,'2021-07-11 18:38:00'),(6,'Aenean fermentum. Donec ut mauris eget massa tempor convallis. Nulla neque libero, convallis eget, eleifend luctus, ultricies eu, nibh.',42,37,5,5,'2021-07-11 18:38:00'),(6,'Aenean fermentum. Donec ut mauris eget massa tempor convallis. Nulla neque libero, convallis eget, eleifend luctus, ultricies eu, nibh.',42,52,5,5,'2021-07-11 18:38:00'),(6,'Aenean fermentum. Donec ut mauris eget massa tempor convallis. Nulla neque libero, convallis eget, eleifend luctus, ultricies eu, nibh.',42,34,5,5,'2021-07-11 18:38:00'),(6,'Aenean fermentum. Donec ut mauris eget massa tempor convallis. Nulla neque libero, convallis eget, eleifend luctus, ultricies eu, nibh.',42,76,5,5,'2021-07-11 18:38:00'),(6,'Aenean fermentum. Donec ut mauris eget massa tempor convallis. Nulla neque libero, convallis eget, eleifend luctus, ultricies eu, nibh.',42,86,5,5,'2021-07-11 18:38:00'),(6,'Aenean fermentum. Donec ut mauris eget massa tempor convallis. Nulla neque libero, convallis eget, eleifend luctus, ultricies eu, nibh.',42,48,5,5,'2021-07-11 18:38:00'),(6,'Aenean fermentum. Donec ut mauris eget massa tempor convallis. Nulla neque libero, convallis eget, eleifend luctus, ultricies eu, nibh.',42,29,5,5,'2021-07-11 18:38:00'),(6,'Aenean fermentum. Donec ut mauris eget massa tempor convallis. Nulla neque libero, convallis eget, eleifend luctus, ultricies eu, nibh.',42,6,5,5,'2021-07-11 18:38:00'),(6,'Aenean fermentum. Donec ut mauris eget massa tempor convallis. Nulla neque libero, convallis eget, eleifend luctus, ultricies eu, nibh.',42,70,5,5,'2021-07-11 18:38:00'),(6,'Aenean fermentum. Donec ut mauris eget massa tempor convallis. Nulla neque libero, convallis eget, eleifend luctus, ultricies eu, nibh.',42,28,5,5,'2021-07-11 18:38:00'),(6,'Aenean fermentum. Donec ut mauris eget massa tempor convallis. Nulla neque libero, convallis eget, eleifend luctus, ultricies eu, nibh.',42,24,5,5,'2021-07-11 18:38:00'),(6,'Aenean fermentum. Donec ut mauris eget massa tempor convallis. Nulla neque libero, convallis eget, eleifend luctus, ultricies eu, nibh.',42,72,5,5,'2021-07-11 18:38:00'),(6,'Aenean fermentum. Donec ut mauris eget massa tempor convallis. Nulla neque libero, convallis eget, eleifend luctus, ultricies eu, nibh.',42,59,5,5,'2021-07-11 18:38:00'),(6,'Aenean fermentum. Donec ut mauris eget massa tempor convallis. Nulla neque libero, convallis eget, eleifend luctus, ultricies eu, nibh.',42,36,5,5,'2021-07-11 18:38:00'),(6,'Aenean fermentum. Donec ut mauris eget massa tempor convallis. Nulla neque libero, convallis eget, eleifend luctus, ultricies eu, nibh.',42,33,5,5,'2021-07-11 18:38:00'),(6,'Aenean fermentum. Donec ut mauris eget massa tempor convallis. Nulla neque libero, convallis eget, eleifend luctus, ultricies eu, nibh.',42,75,5,5,'2021-07-11 18:38:00'),(6,'Aenean fermentum. Donec ut mauris eget massa tempor convallis. Nulla neque libero, convallis eget, eleifend luctus, ultricies eu, nibh.',42,93,5,5,'2021-07-11 18:38:00'),(6,'Aenean fermentum. Donec ut mauris eget massa tempor convallis. Nulla neque libero, convallis eget, eleifend luctus, ultricies eu, nibh.',42,71,5,5,'2021-07-11 18:38:00'),(6,'Aenean fermentum. Donec ut mauris eget massa tempor convallis. Nulla neque libero, convallis eget, eleifend luctus, ultricies eu, nibh.',42,14,5,5,'2021-07-11 18:38:00'),(6,'Aenean fermentum. Donec ut mauris eget massa tempor convallis. Nulla neque libero, convallis eget, eleifend luctus, ultricies eu, nibh.',42,95,5,5,'2021-07-11 18:38:00');
/*!40000 ALTER TABLE `group_message_views` ENABLE KEYS */;
UNLOCK TABLES;

--
-- Table structure for table `groups_`
--

DROP TABLE IF EXISTS `groups_`;
/*!40101 SET @saved_cs_client     = @@character_set_client */;
/*!50503 SET character_set_client = utf8mb4 */;
CREATE TABLE `groups_` (
  `group_id` int NOT NULL,
  `group_name` varchar(45) NOT NULL,
  `admin_id` int NOT NULL,
  `created_at` datetime NOT NULL,
  PRIMARY KEY (`group_id`),
  UNIQUE KEY `id_UNIQUE` (`group_id`)
) ENGINE=InnoDB DEFAULT CHARSET=utf8mb4 COLLATE=utf8mb4_0900_ai_ci;
/*!40101 SET character_set_client = @saved_cs_client */;

--
-- Dumping data for table `groups_`
--

LOCK TABLES `groups_` WRITE;
/*!40000 ALTER TABLE `groups_` DISABLE KEYS */;
INSERT INTO `groups_` VALUES (1,'Solarbreeze',17,'2021-06-03 08:59:43'),(2,'Fix San',49,'2021-09-15 19:30:21'),(3,'Quo Lux',100,'2022-04-13 07:11:33'),(4,'Regrant',39,'2021-08-22 20:56:53'),(5,'Duobam',83,'2021-05-20 22:40:09'),(6,'Zaam-Dox',74,'2021-09-01 05:35:38'),(7,'Home Ing',60,'2021-12-01 02:37:12'),(8,'Voyatouch',52,'2021-12-13 01:16:57'),(9,'Bamity',58,'2022-04-23 17:09:05'),(10,'Biodex',94,'2021-07-10 04:14:42');
/*!40000 ALTER TABLE `groups_` ENABLE KEYS */;
UNLOCK TABLES;

--
-- Table structure for table `participants`
--

DROP TABLE IF EXISTS `participants`;
/*!40101 SET @saved_cs_client     = @@character_set_client */;
/*!50503 SET character_set_client = utf8mb4 */;
CREATE TABLE `participants` (
  `group_id` int NOT NULL,
  `user_id` int NOT NULL,
  KEY `group_id_idx` (`group_id`,`user_id`),
  KEY `user_id_idx` (`user_id`)
) ENGINE=InnoDB DEFAULT CHARSET=utf8mb4 COLLATE=utf8mb4_0900_ai_ci;
/*!40101 SET character_set_client = @saved_cs_client */;

--
-- Dumping data for table `participants`
--

LOCK TABLES `participants` WRITE;
/*!40000 ALTER TABLE `participants` DISABLE KEYS */;
INSERT INTO `participants` VALUES (1,1),(1,3),(1,20),(1,23),(1,24),(1,25),(1,25),(1,29),(1,35),(1,39),(1,42),(1,44),(1,47),(1,56),(1,61),(1,61),(1,67),(1,71),(1,74),(1,78),(1,80),(1,82),(1,83),(1,85),(1,95),(1,97),(2,5),(2,17),(2,19),(2,29),(2,32),(2,33),(2,35),(2,42),(2,44),(2,44),(2,49),(2,51),(2,65),(2,68),(2,75),(2,79),(2,79),(2,84),(2,92),(2,95),(3,4),(3,5),(3,6),(3,7),(3,18),(3,20),(3,21),(3,37),(3,40),(3,41),(3,41),(3,53),(3,55),(3,56),(3,56),(3,66),(3,74),(3,76),(3,77),(3,81),(3,87),(3,92),(3,93),(3,100),(4,12),(4,16),(4,21),(4,27),(4,27),(4,28),(4,35),(4,37),(4,55),(4,61),(4,63),(4,64),(4,64),(4,66),(4,67),(4,80),(4,82),(4,83),(4,85),(4,86),(4,87),(4,88),(4,89),(4,96),(4,97),(5,3),(5,6),(5,14),(5,24),(5,28),(5,29),(5,32),(5,33),(5,34),(5,36),(5,37),(5,37),(5,42),(5,48),(5,52),(5,59),(5,70),(5,71),(5,72),(5,75),(5,76),(5,76),(5,79),(5,84),(5,86),(5,93),(5,95),(6,6),(6,6),(6,8),(6,13),(6,15),(6,19),(6,21),(6,31),(6,32),(6,35),(6,37),(6,40),(6,48),(6,49),(6,50),(6,51),(6,56),(6,66),(6,75),(6,75),(6,76),(6,79),(6,84),(6,91),(6,91),(6,91),(6,93),(6,95),(6,96),(7,2),(7,3),(7,10),(7,13),(7,15),(7,17),(7,19),(7,24),(7,24),(7,37),(7,38),(7,39),(7,40),(7,48),(7,48),(7,50),(7,55),(7,57),(7,57),(7,59),(7,61),(7,61),(7,62),(7,74),(7,75),(7,78),(7,83),(7,94),(8,8),(8,21),(8,26),(8,27),(8,27),(8,30),(8,33),(8,35),(8,46),(8,52),(8,52),(8,57),(8,58),(8,60),(8,68),(8,70),(8,79),(8,95),(8,96),(8,97),(9,3),(9,7),(9,7),(9,14),(9,14),(9,15),(9,19),(9,20),(9,23),(9,27),(9,30),(9,32),(9,40),(9,44),(9,51),(9,53),(9,59),(9,67),(9,71),(9,77),(9,79),(9,83),(9,86),(9,92),(9,93),(9,97),(10,10),(10,11),(10,24),(10,28),(10,33),(10,38),(10,38),(10,39),(10,47),(10,52),(10,61),(10,63),(10,64),(10,66),(10,71),(10,79),(10,81),(10,81),(10,81),(10,84),(10,85),(10,89),(10,91),(10,92),(10,95);
/*!40000 ALTER TABLE `participants` ENABLE KEYS */;
UNLOCK TABLES;

--
-- Table structure for table `status`
--

DROP TABLE IF EXISTS `status`;
/*!40101 SET @saved_cs_client     = @@character_set_client */;
/*!50503 SET character_set_client = utf8mb4 */;
CREATE TABLE `status` (
  `status_id` int NOT NULL,
  `posted_by` int NOT NULL,
  `posted_time` datetime NOT NULL,
  PRIMARY KEY (`status_id`),
  UNIQUE KEY `status_id_UNIQUE` (`status_id`),
  KEY `status_idx_posted_by_status_id` (`posted_by`,`status_id`)
) ENGINE=InnoDB DEFAULT CHARSET=utf8mb4 COLLATE=utf8mb4_0900_ai_ci;
/*!40101 SET character_set_client = @saved_cs_client */;

--
-- Dumping data for table `status`
--

LOCK TABLES `status` WRITE;
/*!40000 ALTER TABLE `status` DISABLE KEYS */;
INSERT INTO `status` VALUES (1,77,'2021-12-18 01:42:54'),(2,97,'2021-05-03 04:18:45'),(3,20,'2021-12-07 17:36:41'),(4,75,'2021-06-20 22:36:07'),(5,46,'2021-11-27 02:04:35'),(6,28,'2021-06-28 12:25:29'),(7,93,'2021-06-07 05:59:59'),(8,57,'2022-04-15 15:08:42'),(9,78,'2021-11-03 04:11:23'),(10,48,'2022-01-21 22:55:54'),(11,59,'2022-02-02 21:13:57'),(12,81,'2021-05-01 20:51:12'),(13,37,'2021-07-01 11:16:13'),(14,37,'2022-02-15 18:24:25'),(15,70,'2022-01-19 12:44:36'),(16,5,'2021-08-25 00:47:49'),(17,61,'2022-04-03 07:26:01'),(18,40,'2022-02-26 14:05:47'),(19,83,'2022-01-14 23:47:17'),(20,76,'2021-10-21 06:37:50'),(21,72,'2021-12-18 18:54:21'),(22,44,'2021-09-21 03:48:53'),(23,21,'2021-10-14 22:42:06'),(24,49,'2022-04-15 05:28:48'),(25,91,'2022-02-13 13:41:05'),(26,5,'2021-08-03 21:32:03'),(27,65,'2021-09-30 07:34:14'),(28,59,'2021-08-01 02:16:04'),(29,84,'2022-04-25 20:10:02'),(30,30,'2022-04-12 00:17:14'),(31,82,'2022-03-24 04:21:54'),(32,4,'2021-11-23 19:13:31'),(33,13,'2021-07-16 23:26:23'),(34,30,'2021-11-27 16:58:32'),(35,89,'2021-05-01 00:18:47'),(36,61,'2022-04-14 13:17:00'),(37,84,'2021-06-07 00:28:47'),(38,38,'2022-02-16 08:15:27'),(39,23,'2021-04-26 16:59:27'),(40,69,'2021-06-23 09:27:50'),(41,5,'2021-10-29 18:15:13'),(42,14,'2021-11-04 19:21:22'),(43,16,'2021-06-23 21:34:07'),(44,43,'2021-11-14 15:29:32'),(45,47,'2021-05-02 22:46:25'),(46,31,'2021-06-20 12:59:12'),(47,58,'2022-01-19 12:26:33'),(48,35,'2021-11-26 21:58:30'),(49,53,'2021-07-06 20:01:22'),(50,85,'2021-07-16 08:56:04');
/*!40000 ALTER TABLE `status` ENABLE KEYS */;
UNLOCK TABLES;
/*!50003 SET @saved_cs_client      = @@character_set_client */ ;
/*!50003 SET @saved_cs_results     = @@character_set_results */ ;
/*!50003 SET @saved_col_connection = @@collation_connection */ ;
/*!50003 SET character_set_client  = utf8mb4 */ ;
/*!50003 SET character_set_results = utf8mb4 */ ;
/*!50003 SET collation_connection  = utf8mb4_0900_ai_ci */ ;
/*!50003 SET @saved_sql_mode       = @@sql_mode */ ;
/*!50003 SET sql_mode              = 'STRICT_TRANS_TABLES,NO_ENGINE_SUBSTITUTION' */ ;
DELIMITER ;;
/*!50003 CREATE*/ /*!50017 DEFINER=`root`@`localhost`*/ /*!50003 TRIGGER `status_BEFORE_INSERT` BEFORE INSERT ON `status` FOR EACH ROW BEGIN
set new.posted_time = current_timestamp();
END */;;
DELIMITER ;
/*!50003 SET sql_mode              = @saved_sql_mode */ ;
/*!50003 SET character_set_client  = @saved_cs_client */ ;
/*!50003 SET character_set_results = @saved_cs_results */ ;
/*!50003 SET collation_connection  = @saved_col_connection */ ;
/*!50003 SET @saved_cs_client      = @@character_set_client */ ;
/*!50003 SET @saved_cs_results     = @@character_set_results */ ;
/*!50003 SET @saved_col_connection = @@collation_connection */ ;
/*!50003 SET character_set_client  = utf8mb4 */ ;
/*!50003 SET character_set_results = utf8mb4 */ ;
/*!50003 SET collation_connection  = utf8mb4_0900_ai_ci */ ;
/*!50003 SET @saved_sql_mode       = @@sql_mode */ ;
/*!50003 SET sql_mode              = 'STRICT_TRANS_TABLES,NO_ENGINE_SUBSTITUTION' */ ;
DELIMITER ;;
/*!50003 CREATE*/ /*!50017 DEFINER=`root`@`localhost`*/ /*!50003 TRIGGER `status_AFTER_INSERT` AFTER INSERT ON `status` FOR EACH ROW BEGIN
DELETE FROM status where (status.posted_time - currenttimestamp() > 24);
END */;;
DELIMITER ;
/*!50003 SET sql_mode              = @saved_sql_mode */ ;
/*!50003 SET character_set_client  = @saved_cs_client */ ;
/*!50003 SET character_set_results = @saved_cs_results */ ;
/*!50003 SET collation_connection  = @saved_col_connection */ ;

--
-- Table structure for table `status_views`
--

DROP TABLE IF EXISTS `status_views`;
/*!40101 SET @saved_cs_client     = @@character_set_client */;
/*!50503 SET character_set_client = utf8mb4 */;
CREATE TABLE `status_views` (
  `status_id` int NOT NULL,
  `user_id` int NOT NULL,
  `seen_time` datetime NOT NULL,
  KEY `status_id_idx` (`status_id`),
  KEY `user_id_idx` (`user_id`),
  KEY `status_views_idx_user_id` (`user_id`)
) ENGINE=InnoDB DEFAULT CHARSET=utf8mb4 COLLATE=utf8mb4_0900_ai_ci;
/*!40101 SET character_set_client = @saved_cs_client */;

--
-- Dumping data for table `status_views`
--

LOCK TABLES `status_views` WRITE;
/*!40000 ALTER TABLE `status_views` DISABLE KEYS */;
INSERT INTO `status_views` VALUES (1,1,'2021-12-18 01:43:00'),(2,2,'2021-05-03 04:19:00'),(3,3,'2021-12-07 17:37:00'),(4,4,'2021-06-20 22:37:00'),(5,5,'2021-11-27 02:05:00'),(6,6,'2021-06-28 12:26:00'),(7,7,'2021-06-07 06:59:00'),(8,8,'2022-04-15 15:09:00'),(9,9,'2021-11-03 04:12:00'),(10,10,'2022-01-21 22:56:00'),(11,11,'2022-02-02 21:15:00'),(12,12,'2021-05-01 20:53:00'),(13,13,'2021-07-01 11:17:00'),(14,14,'2022-02-15 18:25:00'),(15,15,'2022-01-19 12:47:00'),(16,16,'2021-08-25 00:49:00'),(17,17,'2022-04-03 07:29:00'),(18,18,'2022-02-26 14:07:00'),(19,19,'2022-01-14 23:49:00'),(20,20,'2021-10-21 06:40:00'),(21,21,'2021-12-18 18:56:00'),(22,22,'2021-09-21 03:50:00'),(23,23,'2021-10-14 22:43:00'),(24,24,'2022-04-15 05:29:00'),(25,25,'2022-02-13 13:43:00'),(26,26,'2021-08-03 21:34:00'),(27,27,'2021-09-30 07:36:00'),(28,28,'2021-08-01 02:18:00'),(29,29,'2022-04-25 20:13:00'),(30,30,'2022-04-12 00:18:00'),(31,31,'2022-03-24 04:22:00'),(32,32,'2021-11-23 19:14:00'),(33,33,'2021-07-16 23:27:00'),(34,34,'2021-11-27 17:59:00'),(35,35,'2021-05-01 00:29:00'),(36,36,'2022-04-14 13:19:00'),(37,37,'2021-06-07 00:28:00'),(38,38,'2022-02-16 08:16:00'),(39,39,'2021-04-26 16:59:00'),(40,40,'2021-06-23 09:27:00'),(41,41,'2021-10-29 18:15:00'),(42,42,'2021-11-04 19:21:00'),(43,43,'2021-06-23 21:34:00'),(44,44,'2021-11-14 15:29:00'),(45,45,'2021-05-02 22:47:00'),(46,46,'2021-06-20 13:59:00'),(47,47,'2022-01-19 12:27:00'),(48,48,'2021-11-26 21:59:00'),(49,49,'2021-07-06 20:04:00'),(50,50,'2021-07-16 08:57:00'),(1,51,'2021-12-18 01:43:00'),(2,52,'2021-05-03 04:19:00'),(3,53,'2021-12-07 17:37:00'),(4,54,'2021-06-20 22:37:00'),(5,55,'2021-11-27 02:05:00'),(6,56,'2021-06-28 12:26:00'),(7,57,'2021-06-07 06:59:00'),(8,58,'2022-04-15 15:09:00'),(9,59,'2021-11-03 04:12:00'),(10,60,'2022-01-21 22:56:00'),(11,61,'2022-02-02 21:15:00'),(12,62,'2021-05-01 20:53:00'),(13,63,'2021-07-01 11:17:00'),(14,64,'2022-02-15 18:25:00'),(15,65,'2022-01-19 12:47:00'),(16,66,'2021-08-25 00:49:00'),(17,67,'2022-04-03 07:29:00'),(18,68,'2022-02-26 14:07:00'),(19,69,'2022-01-14 23:49:00'),(20,70,'2021-10-21 06:40:00'),(21,71,'2021-12-18 18:56:00'),(22,72,'2021-09-21 03:50:00'),(23,73,'2021-10-14 22:43:00'),(24,74,'2022-04-15 05:29:00'),(25,75,'2022-02-13 13:43:00'),(26,76,'2021-08-03 21:34:00'),(27,77,'2021-09-30 07:36:00'),(28,78,'2021-08-01 02:18:00'),(29,79,'2022-04-25 20:13:00'),(30,80,'2022-04-12 00:18:00'),(31,81,'2022-03-24 04:22:00'),(32,82,'2021-11-23 19:14:00'),(33,83,'2021-07-16 23:27:00'),(34,84,'2021-11-27 17:59:00'),(35,85,'2021-05-01 00:29:00'),(36,86,'2022-04-14 13:19:00'),(37,87,'2021-06-07 00:28:00'),(38,88,'2022-02-16 08:16:00'),(39,89,'2021-04-26 16:59:00'),(40,90,'2021-06-23 09:27:00'),(41,91,'2021-10-29 18:15:00'),(42,92,'2021-11-04 19:21:00'),(43,93,'2021-06-23 21:34:00'),(44,94,'2021-11-14 15:29:00'),(45,95,'2021-05-02 22:47:00'),(46,96,'2021-06-20 13:59:00'),(47,97,'2022-01-19 12:27:00'),(48,98,'2021-11-26 21:59:00'),(49,99,'2021-07-06 20:04:00'),(50,100,'2021-07-16 08:57:00');
/*!40000 ALTER TABLE `status_views` ENABLE KEYS */;
UNLOCK TABLES;

--
-- Table structure for table `user`
--

DROP TABLE IF EXISTS `user`;
/*!40101 SET @saved_cs_client     = @@character_set_client */;
/*!50503 SET character_set_client = utf8mb4 */;
CREATE TABLE `user` (
  `user_id` int NOT NULL,
  `first_name` varchar(45) NOT NULL,
  `last_name` varchar(45) NOT NULL,
  `password` varchar(45) NOT NULL,
  `phone_no` bigint NOT NULL,
  `is_active` int NOT NULL,
  `about` varchar(45) NOT NULL,
  `profile_pic` varchar(45) NOT NULL,
  `joined_at` datetime NOT NULL,
  PRIMARY KEY (`user_id`),
  UNIQUE KEY `id_UNIQUE` (`user_id`),
  KEY `full_name` (`first_name`,`last_name`)
) ENGINE=InnoDB DEFAULT CHARSET=utf8mb4 COLLATE=utf8mb4_0900_ai_ci;
/*!40101 SET character_set_client = @saved_cs_client */;

--
-- Dumping data for table `user`
--

LOCK TABLES `user` WRITE;
/*!40000 ALTER TABLE `user` DISABLE KEYS */;
INSERT INTO `user` VALUES (2,'Caritta','Petrolli','MTeWEcrh8',6894294603,1,'VxWorks','Orange','2022-02-13 16:08:00'),(3,'Rand','Assur','kSr8Rslc',2186354248,1,'Title Insurance','Violet','2021-05-11 09:19:00'),(4,'Stevy','Hoyte','PdN5cIKZ',7662168885,1,'Characterization','Crimson','2021-11-05 11:07:00'),(5,'Virgie','Methringham','fY3ZGsy0QQM',1113889443,1,'Team Management','Crimson','2021-06-03 04:15:00'),(6,'Trixie','Flockhart','6dl3R8eHR',5068455730,1,'BSD','Blue','2021-09-29 07:24:00'),(7,'Royal','Abraham','R4mt5t9WeHA',6489101651,1,'Custom Homes','Goldenrod','2021-11-25 07:17:00'),(8,'Tedd','Deverille','9d3Xe7lrXBQ',4817075854,1,'Corporate Events','Violet','2021-05-19 12:54:00'),(9,'Stormy','Featherby','3sTbZWZLN',7157018277,1,'OAuth','Green','2021-05-15 23:40:00'),(11,'Stefano','Siene','3zf4IpdwmkRP',3023041640,1,'IT Law','Purple','2021-09-14 09:01:00'),(12,'Reuben','Paylor','h3b4w2m4',4273197782,1,'Medical Devices','Violet','2021-05-22 00:53:00'),(14,'Edna','Sowden','Cv2EViwk',1981074668,1,'Usability Engineering','Purple','2021-06-26 13:04:00'),(15,'Ransell','Yakunin','sYK9Xsqy9N',1741107639,1,'CPLD','Blue','2022-03-08 06:53:00'),(17,'Rex','Rabbet','WopQDKm9JIm',1613351729,1,'IVF','Indigo','2021-10-12 22:33:00'),(18,'Evangelina','Arber','TeiSXfnnUg',4103710412,1,'HMO','Mauv','2021-11-13 20:40:00'),(19,'Rois','Antyshev','66UGRaa50p',6056160109,1,'JDBC','Green','2021-05-12 00:16:00'),(21,'Ruthy','O\'Breen','0miKxVlnIoOU',6179321101,1,'Bank Reconciliation','Yellow','2021-12-03 15:37:00'),(22,'Mendie','Horney','LasgiRYNe9fE',6285081844,1,'Art History','Crimson','2022-04-11 09:20:00'),(23,'Chandra','Piniur','nTBFao2sp',7716289477,1,'SNMP','Maroon','2021-12-25 12:47:00'),(24,'Steffie','Jacmar','VI47CR7Lbw0',8874843842,1,'Language Teaching','Green','2021-08-04 04:24:00'),(25,'Karalynn','Polycote','9W3BaIWa',9883315146,1,'Immigration Law','Goldenrod','2022-03-11 22:29:00'),(26,'Heddi','Smoth','NPWKbP0zQY',6726818016,1,'CA Unicenter NSM','Khaki','2021-09-03 23:49:00'),(29,'Mireielle','Ansty','jUZImKWQkF',1943576224,1,'Customs Regulations','Yellow','2021-07-13 07:47:00'),(30,'Jenny','Elger','HYC0tRLZnU',5934530522,1,'Latin American Studies','Turquoise','2021-07-18 19:11:00'),(31,'Hermon','Alti','eOuzbkuEc6zE',2997491841,1,'GPU','Orange','2022-02-28 13:18:00'),(32,'Boony','Annott','sjHTC18oN',4338924713,1,'CTC','Crimson','2022-02-11 23:08:00'),(34,'Candis','Caslake','WS6IVcKc',7079238872,1,'Mixed-use','Blue','2021-10-15 05:41:00'),(35,'Frannie','Christauffour','zMI9MgJQu',2983554089,1,'EOB','Aquamarine','2021-11-28 17:44:00'),(36,'Alison','Possell','WGZ33XRt',8309910151,1,'Financial Services','Khaki','2022-01-30 16:42:00'),(37,'Aguste','Gratten','NZk5Cbf9K',3585272024,1,'nDo','Crimson','2021-07-16 20:35:00'),(39,'Gwen','Jann','bi1sevIn',3941914552,1,'SSH','Teal','2021-12-04 05:17:00'),(40,'Jeffrey','Scandrick','YxOY4HYGGV',6949769050,1,'Kinematics','Pink','2021-11-21 21:58:00'),(42,'Luis','Strond','PqcjIAMwhD',8998736211,1,'Vegetables','Violet','2021-05-06 22:05:00'),(43,'Anders','Deppen','d7wc4LvpbaX',7698503972,1,'Chi Kung','Goldenrod','2021-07-02 03:07:00'),(45,'Kennan','Frantzen','AXIqx2kjmen',3034707100,1,'PPTP','Maroon','2021-10-12 15:11:00'),(46,'Jere','Strathearn','y6qSkFOZObHq',3295087531,1,'Legislative Affairs','Violet','2022-04-17 16:04:00'),(47,'Maud','Brands','gAC57dlOKI',9725086128,1,'MVNE','Turquoise','2022-04-17 06:29:00'),(49,'Camey','Fabler','TCpQW9zhf3Pu',1915363173,1,'PMBOK','Teal','2022-01-11 00:47:00'),(50,'Harlie','Geffcock','PMs2fylFx',9125318654,1,'CFK','Indigo','2021-12-27 16:47:00'),(51,'Miner','Rapin','JmI4BQn95kg',9248005250,1,'21 CFR','Aquamarine','2021-09-05 16:45:00'),(52,'Briney','Powton','UIRY9o2e',1348752595,1,'iPhoto','Purple','2021-12-26 05:34:00'),(53,'Nehemiah','Stallwood','t3lI1lEdPbc',9709539831,1,'Brazilian Jiu-Jitsu','Red','2021-10-08 14:40:00'),(54,'Delly','Workman','0LpJIWDsQ',1934736439,1,'Company Set-up','Crimson','2022-01-02 18:17:00'),(55,'Adina','Dadley','0RQP7NRohrJ',8356902138,1,'Cuisine','Crimson','2021-12-31 15:29:00'),(56,'Iorgos','Fley','GHyfe12x8WcX',2537233491,1,'Award Submissions','Goldenrod','2021-08-21 12:12:00'),(58,'Rhys','Lorentz','xB01FdNr',6076657697,1,'WiMAX','Green','2021-12-27 19:03:00'),(60,'Guinna','Bellas','qkpV2vljCF',9302790514,1,'MVA','Green','2021-11-09 17:05:00'),(61,'Yasmin','Brackenbury','defxsxci9K',5172819041,1,'NCDA','Fuscia','2021-10-12 02:33:00'),(62,'Nerte','Beecraft','oZT9Vxme3OW2',8596240570,1,'Joint Ventures','Mauv','2021-08-03 15:47:00'),(63,'Emlen','Nabarro','kwzDHQAEYE',9691984340,1,'UIM','Yellow','2021-09-18 14:20:00'),(64,'Gwendolyn','Boome','HEV7POrSIC',4892964029,1,'Computer Games','Mauv','2021-11-12 09:47:00'),(65,'Rhiamon','McCart','YEirAtjBK0Y',6862675847,1,'DC Operations','Pink','2022-02-02 02:39:00'),(66,'Jodi','Ludovici','1CMrApll',8275004559,1,'CPL','Khaki','2021-09-21 12:35:00'),(68,'Merralee','Straniero','w7a9yUkff',6548323508,1,'AX 2009','Goldenrod','2021-10-08 10:37:00'),(69,'Elmira','Choffin','hVjl2xxdGnxL',1285218192,1,'PVCS','Violet','2022-03-23 15:04:00'),(71,'Kayley','Bowskill','bANsFQ8YV',6551340187,1,'RSoft','Fuscia','2022-01-05 11:09:00'),(74,'Anson','Rivalant','s4zqRjqQlcz',6259916036,1,'GPCRs','Puce','2021-05-26 22:52:00'),(75,'Roman','Fealty','tIaxLvgSu7',6938621289,1,'DCP','Puce','2021-07-04 18:43:00'),(77,'Corny','Welbeck','GtZlgRPNFcB',3293515627,1,'New Homes','Red','2021-11-10 13:18:00'),(78,'Brigit','Skerratt','qIdcsbiM0',9622230126,1,'RS232','Red','2021-10-27 11:41:00'),(79,'Lothaire','Scutter','MQ40UF4pZB',5158902366,1,'Afghanistan','Purple','2021-10-04 11:33:00'),(83,'Harlin','Serraillier','2DuZN5xnoS44',4073526587,1,'NMS','Goldenrod','2022-01-23 10:41:00'),(85,'Juli','Wastling','vHzhiTGBXI',3828913508,1,'EAI','Violet','2021-07-25 18:53:00'),(86,'Holden','Le Cornu','Omp4VcO5Epq',5825670579,1,'Photoshop','Violet','2021-10-11 09:09:00'),(87,'Tamra','Kubek','TQqque45',9732333008,1,'Airport Management','Khaki','2021-05-24 07:43:00'),(90,'Estelle','Castellani','mccuybz3Oo',2981539330,1,'NRF','Purple','2022-04-02 13:33:00'),(91,'Gregoire','Dimitriou','F2bUW3Oyrb',7024806649,1,'Kyphoplasty','Crimson','2022-02-25 23:38:00'),(92,'Laughton','Anniwell','bFw6Fz21v',1668654492,1,'Kalman filtering','Turquoise','2021-12-16 12:28:00'),(93,'Robbie','Hambly','CL22aQegjAzP',4256619061,1,'CCIE R&amp;S','Puce','2021-07-24 09:17:00'),(94,'Loralee','Billes','0SQrjDsWdY6p',7973095041,1,'IT Operations','Goldenrod','2021-10-01 00:37:00'),(96,'Sascha','Bienvenu','VwWCdKxA',7844124735,1,'Genetics','Goldenrod','2021-05-01 01:49:00'),(97,'Cookie','Brixey','Ny12ZT8in',9719683579,1,'Epicor','Turquoise','2021-12-15 22:56:00'),(98,'Loella','Tethacot','CQWwynjJf39',2281030553,1,'Interviewing Skills','Pink','2022-03-18 10:25:00'),(99,'Gordy','McArley','iEkDBRNB',2084869145,1,'JPEG2000','Teal','2021-07-23 18:39:00'),(100,'Kala','Traice','uFsXBde78fL',7453078820,1,'CTRM','Purple','2021-06-18 19:42:00');
/*!40000 ALTER TABLE `user` ENABLE KEYS */;
UNLOCK TABLES;
/*!50003 SET @saved_cs_client      = @@character_set_client */ ;
/*!50003 SET @saved_cs_results     = @@character_set_results */ ;
/*!50003 SET @saved_col_connection = @@collation_connection */ ;
/*!50003 SET character_set_client  = utf8mb4 */ ;
/*!50003 SET character_set_results = utf8mb4 */ ;
/*!50003 SET collation_connection  = utf8mb4_0900_ai_ci */ ;
/*!50003 SET @saved_sql_mode       = @@sql_mode */ ;
/*!50003 SET sql_mode              = 'STRICT_TRANS_TABLES,NO_ENGINE_SUBSTITUTION' */ ;
DELIMITER ;;
/*!50003 CREATE*/ /*!50017 DEFINER=`root`@`localhost`*/ /*!50003 TRIGGER `user_BEFORE_INSERT` BEFORE INSERT ON `user` FOR EACH ROW BEGIN
DECLARE error_msg VARCHAR(255);
SET error_msg = ('password should greater than 8 letters');
IF length(new.password) < 8 THEN
	SIGNAL SQLSTATE '45000'
		SET MESSAGE_TEXT = error_msg;
	END IF; 
END */;;
DELIMITER ;
/*!50003 SET sql_mode              = @saved_sql_mode */ ;
/*!50003 SET character_set_client  = @saved_cs_client */ ;
/*!50003 SET character_set_results = @saved_cs_results */ ;
/*!50003 SET collation_connection  = @saved_col_connection */ ;

--
-- Temporary view structure for view `user_view_direct_message`
--

DROP TABLE IF EXISTS `user_view_direct_message`;
/*!50001 DROP VIEW IF EXISTS `user_view_direct_message`*/;
SET @saved_cs_client     = @@character_set_client;
/*!50503 SET character_set_client = utf8mb4 */;
/*!50001 CREATE VIEW `user_view_direct_message` AS SELECT 
 1 AS `user_id`,
 1 AS `msg_body`,
 1 AS `timestamp`,
 1 AS `is_read`*/;
SET character_set_client = @saved_cs_client;

--
-- Temporary view structure for view `user_view_group_message`
--

DROP TABLE IF EXISTS `user_view_group_message`;
/*!50001 DROP VIEW IF EXISTS `user_view_group_message`*/;
SET @saved_cs_client     = @@character_set_client;
/*!50503 SET character_set_client = utf8mb4 */;
/*!50001 CREATE VIEW `user_view_group_message` AS SELECT 
 1 AS `user_id`,
 1 AS `msg_body`,
 1 AS `group_id`,
 1 AS `timestamp`*/;
SET character_set_client = @saved_cs_client;

--
-- Dumping events for database 'alpha'
--

--
-- Dumping routines for database 'alpha'
--

--
-- Final view structure for view `user_view_direct_message`
--

/*!50001 DROP VIEW IF EXISTS `user_view_direct_message`*/;
/*!50001 SET @saved_cs_client          = @@character_set_client */;
/*!50001 SET @saved_cs_results         = @@character_set_results */;
/*!50001 SET @saved_col_connection     = @@collation_connection */;
/*!50001 SET character_set_client      = utf8mb4 */;
/*!50001 SET character_set_results     = utf8mb4 */;
/*!50001 SET collation_connection      = utf8mb4_0900_ai_ci */;
/*!50001 CREATE ALGORITHM=UNDEFINED */
/*!50013 DEFINER=`root`@`localhost` SQL SECURITY DEFINER */
/*!50001 VIEW `user_view_direct_message` AS select `user`.`user_id` AS `user_id`,`direct_message`.`msg_body` AS `msg_body`,`direct_message`.`timestamp` AS `timestamp`,`direct_message`.`is_read` AS `is_read` from (`direct_message` join `user` on(((`user`.`user_id` = `direct_message`.`sender_id`) or (`user`.`user_id` = `direct_message`.`receiver_id`)))) group by `user`.`user_id` */;
/*!50001 SET character_set_client      = @saved_cs_client */;
/*!50001 SET character_set_results     = @saved_cs_results */;
/*!50001 SET collation_connection      = @saved_col_connection */;

--
-- Final view structure for view `user_view_group_message`
--

/*!50001 DROP VIEW IF EXISTS `user_view_group_message`*/;
/*!50001 SET @saved_cs_client          = @@character_set_client */;
/*!50001 SET @saved_cs_results         = @@character_set_results */;
/*!50001 SET @saved_col_connection     = @@collation_connection */;
/*!50001 SET character_set_client      = utf8mb4 */;
/*!50001 SET character_set_results     = utf8mb4 */;
/*!50001 SET collation_connection      = utf8mb4_0900_ai_ci */;
/*!50001 CREATE ALGORITHM=UNDEFINED */
/*!50013 DEFINER=`root`@`localhost` SQL SECURITY DEFINER */
/*!50001 VIEW `user_view_group_message` AS select `user`.`user_id` AS `user_id`,`group_message`.`msg_body` AS `msg_body`,`group_message`.`group_id` AS `group_id`,`group_message`.`timestamp` AS `timestamp` from (`group_message` join `user` on((`user`.`user_id` = `group_message`.`sender_id`))) group by `user`.`user_id` */;
/*!50001 SET character_set_client      = @saved_cs_client */;
/*!50001 SET character_set_results     = @saved_cs_results */;
/*!50001 SET collation_connection      = @saved_col_connection */;
/*!40103 SET TIME_ZONE=@OLD_TIME_ZONE */;

/*!40101 SET SQL_MODE=@OLD_SQL_MODE */;
/*!40014 SET FOREIGN_KEY_CHECKS=@OLD_FOREIGN_KEY_CHECKS */;
/*!40014 SET UNIQUE_CHECKS=@OLD_UNIQUE_CHECKS */;
/*!40101 SET CHARACTER_SET_CLIENT=@OLD_CHARACTER_SET_CLIENT */;
/*!40101 SET CHARACTER_SET_RESULTS=@OLD_CHARACTER_SET_RESULTS */;
/*!40101 SET COLLATION_CONNECTION=@OLD_COLLATION_CONNECTION */;
/*!40111 SET SQL_NOTES=@OLD_SQL_NOTES */;

-- Dump completed on 2022-04-30 19:56:30
