status_id,posted_by,posted_time
1,77,2021-12-18 01:42:54
2,97,2021-05-03 04:18:45
3,20,2021-12-07 17:36:41
4,75,2021-06-20 22:36:07
5,46,2021-11-27 02:04:35
6,28,2021-06-28 12:25:29
7,93,2021-06-07 05:59:59
8,57,2022-04-15 15:08:42
9,78,2021-11-03 04:11:23
10,48,2022-01-21 22:55:54
11,59,2022-02-02 21:13:57
12,81,2021-05-01 20:51:12
13,37,2021-07-01 11:16:13
14,37,2022-02-15 18:24:25
15,70,2022-01-19 12:44:36
16,5,2021-08-25 00:47:49
17,61,2022-04-03 07:26:01
18,40,2022-02-26 14:05:47
19,83,2022-01-14 23:47:17
20,76,2021-10-21 06:37:50
21,72,2021-12-18 18:54:21
22,44,2021-09-21 03:48:53
23,21,2021-10-14 22:42:06
24,49,2022-04-15 05:28:48
25,91,2022-02-13 13:41:05
26,5,2021-08-03 21:32:03
27,65,2021-09-30 07:34:14
28,59,2021-08-01 02:16:04
29,84,2022-04-25 20:10:02
30,30,2022-04-12 00:17:14
31,82,2022-03-24 04:21:54
32,4,2021-11-23 19:13:31
33,13,2021-07-16 23:26:23
34,30,2021-11-27 16:58:32
35,89,2021-05-01 00:18:47
36,61,2022-04-14 13:17:00
37,84,2021-06-07 00:28:47
38,38,2022-02-16 08:15:27
39,23,2021-04-26 16:59:27
40,69,2021-06-23 09:27:50
41,5,2021-10-29 18:15:13
42,14,2021-11-04 19:21:22
43,16,2021-06-23 21:34:07
44,43,2021-11-14 15:29:32
45,47,2021-05-02 22:46:25
46,31,2021-06-20 12:59:12
47,58,2022-01-19 12:26:33
48,35,2021-11-26 21:58:30
49,53,2021-07-06 20:01:22
50,85,2021-07-16 08:56:04
